listing_id,rooms_count,parking,renovation,ceiling_height,rooms,total_area,metro_minutes,lat,lon,city,street,room_type,floor_ratio,has_balcony,balcony_count,has_loggia,loggia_count,bath,shower,air_conditioner,furniture_rooms,furniture_kitchen,dishwasher,washing_machine,tv,fridge,log_area,area_sq,flag_big_area,has_passenger_elevator,passenger_elevator_count,has_freight_elevator,freight_elevator_count,has_combined_bathroom,combined_bathroom_count,has_separate_bathroom,separate_bathroom_count,complex,building_type,combo_frequency,rarity_index,lux_anchor_flag,exp,dist_center,predicted_price
208,2.0,наземная,Евроремонт,2.77,2.0,82.5,14.0,59.928454,30.3060737,Санкт-Петербург,улица Декабристов,unknown,0.5,0,0,0,0,1,0,1,1,1,1,1,1,1,4.42484663185681,6806.25,0,0,0,0,0,1,1,0,0,unknown,Кирпичный,1,0.5,0,0.0,0.029609150742466082,95000.0
966,1.0,наземная,Евроремонт,2.55,1.0,35.0,28.0,59.8596492,30.1903772,Санкт-Петербург,Ленинский проспект,unknown,0.4782608695652174,0,0,1,1,0,0,0,1,1,0,1,1,1,3.58351893845611,1225.0,0,1,1,1,1,0,0,1,1,Южный,Монолитно-кирпичный,8,0.1111111111111111,0,0.0,0.16284173537665386,40000.0
714,2.0,наземная,Косметический,2.785,2.0,45.0,24.0,56.8343316,60.6503021,Свердловская область,улица Педагогическая,Изолированная,0.8,0,0,1,1,1,0,0,1,1,0,1,1,1,3.828641396489095,2025.0,0,0,0,0,0,0,0,1,1,unknown,unknown,5,0.16666666666666666,0,0.0,0.0448354502929314,30000.0
1192,2.0,подземная,Евроремонт,2.75,2.0,62.0,21.0,59.9554048,30.2547537,Санкт-Петербург,Уральская улица,unknown,0.21428571428571427,1,1,0,0,1,0,1,1,1,1,1,1,1,4.143134726391533,3844.0,0,1,1,1,1,1,1,1,1,Эмеральд на Малой Неве,Блочный,2,0.3333333333333333,0,0.0,0.08307189962153386,90000.0
584,4.0,подземная,Евроремонт,2.785,4.0,168.0,5.0,55.7486731,37.5785146,Москва,1-й Смоленский переулок,Изолированная,0.25,0,0,0,0,1,1,0,1,1,1,1,1,1,5.1298987149230735,28224.0,1,1,1,0,0,1,2,1,1,Новопесковский,Монолитный,1,0.5,1,84.0,0.03943475569558135,640000.0
1214,2.0,наземная,Косметический,2.65,2.0,51.3,6.0,59.8714188,30.3788206,Санкт-Петербург,Бухарестская улица,Изолированная,0.8,0,0,1,1,1,0,0,1,1,0,1,1,1,3.9569963710708773,2631.6899999999996,0,1,1,1,1,0,0,1,1,unknown,Кирпичный,3,0.25,0,0.0,0.07658678853300994,45000.0
63,2.0,подземная,Дизайнерский,2.785,2.0,108.9,8.0,56.8307698,60.5973957,Свердловская область,улица Радищева,Изолированная,0.56,0,0,0,0,1,1,1,1,1,1,1,1,1,4.699570861409576,11859.210000000001,0,1,1,1,1,1,2,0,0,unknown,unknown,1,0.5,1,0.0,0.01162159844987089,115000.0
259,2.0,наземная,Дизайнерский,2.785,2.0,55.0,5.0,59.942449,30.3580813,Санкт-Петербург,улица Рылеева,unknown,0.6,0,0,0,0,1,0,0,1,1,0,1,1,1,4.02535169073515,3025.0,0,0,0,0,0,1,1,0,0,unknown,unknown,6,0.14285714285714285,0,0.0,0.0243833211579135,80000.0
890,1.0,наземная,Косметический,2.785,1.0,37.0,28.0,56.8398629,60.6780254,Свердловская область,улица Владимира Высоцкого,Изолированная,0.8888888888888888,0,0,1,1,1,0,0,1,1,0,1,1,1,3.6375861597263857,1369.0,0,1,1,1,1,1,1,0,0,unknown,unknown,6,0.14285714285714285,0,0.0,0.07233180947253132,25000.0
254,2.0,наземная,Косметический,2.7,2.0,55.5,16.0,59.9866099,30.2353593,Санкт-Петербург,улица Савушкина,Изолированная,0.16666666666666666,0,0,0,0,1,0,0,1,1,0,1,1,1,4.034240638152395,3080.25,0,1,1,1,1,0,0,1,1,unknown,Панельный,6,0.14285714285714285,0,0.0,0.1126256315165427,50000.0
938,1.0,unknown,Дизайнерский,2.785,1.0,32.0,5.0,59.9189699,30.3501247,Санкт-Петербург,улица Печатника Григорьева,unknown,0.25,0,0,0,0,0,1,0,1,0,1,1,1,1,3.4965075614664802,1024.0,0,0,0,0,0,1,1,0,0,unknown,unknown,6,0.14285714285714285,0,0.0,0.02146517123388336,50000.0
1216,2.0,наземная,Косметический,2.56,2.0,45.0,68.0,56.8968202,37.5393815,Санкт-Петербург,Октябрьский бульвар,unknown,1.0,1,1,0,0,1,0,0,1,1,0,1,1,1,3.828641396489095,2025.0,0,0,0,0,0,0,0,1,1,unknown,Кирпичный,5,0.16666666666666666,0,0.0,7.818436894076094,35000.0
613,2.0,наземная,Евроремонт,2.785,2.0,38.0,20.0,56.8243822,60.5531783,Свердловская область,улица Заводская,unknown,0.8378378378378378,1,1,0,0,1,0,0,1,1,0,1,1,1,3.6635616461296463,1444.0,0,1,1,0,0,1,1,0,0,unknown,unknown,1,0.5,0,0.0,0.05449124230305252,35000.0
1259,2.0,наземная,Дизайнерский,2.5,2.0,67.0,20.0,59.9449733,30.2114676,Санкт-Петербург,улица Кораблестроителей,Оба варианта,0.2,0,0,0,0,1,1,1,1,1,1,1,1,1,4.219507705176107,4489.0,0,1,1,0,0,1,1,0,0,unknown,Кирпичный,2,0.3333333333333333,0,0.0,0.12409226270259739,90000.0
23,1.0,наземная,Евроремонт,2.785,1.0,37.0,48.0,56.7582507,60.7051716,Свердловская область,улица Инженерная,Смежная,0.4444444444444444,1,1,0,0,1,0,0,1,1,0,1,0,1,3.6375861597263857,1369.0,0,1,1,1,1,1,1,0,0,unknown,Монолитно-кирпичный,6,0.14285714285714285,0,0.0,0.12805822424604738,25000.0
549,3.0,наземная,Дизайнерский,4.8,3.0,82.0,3.0,55.8550564,37.5590675,Москва,Дмитровское шоссе,unknown,1.0,0,0,0,0,0,1,0,1,1,1,1,1,1,4.418840607796598,6724.0,0,1,1,0,0,1,2,0,0,Талисман на Дмитровском,Монолитный,1,0.5,0,41.0,0.11507761292801746,185000.0
247,3.0,открытая,Косметический,2.785,3.0,62.7,13.0,59.8345959,30.3885533,Санкт-Петербург,Купчинская улица,Оба варианта,0.6666666666666666,0,0,0,0,0,0,0,1,1,0,1,1,1,4.154184562578117,3931.2900000000004,0,1,1,0,0,0,0,1,1,unknown,Панельный,2,0.3333333333333333,0,0.0,0.11312896551149434,60000.0
579,4.0,подземная,Дизайнерский,2.785,4.0,142.0,20.0,55.6616042,37.5093781,Москва,Ленинский проспект,unknown,0.22916666666666666,0,0,0,0,1,1,1,1,1,1,1,1,1,4.962844630259907,20164.0,0,1,2,0,0,1,1,1,1,Well House на Ленинском,Монолитный,1,0.5,0,71.0,0.14324798510712272,295000.0
365,,наземная,Евроремонт,2.77,2.0,23.0,18.0,59.9196881,30.3692435,Санкт-Петербург,Кременчугская улица,unknown,0.2222222222222222,0,0,0,0,1,0,0,1,1,0,1,1,1,3.1780538303479458,529.0,0,1,1,1,1,1,1,0,0,Царская столица,Кирпичный,1,0.5,0,0.0,0.0371387427608944,40000.0
514,4.0,подземная,Дизайнерский,3.4,4.0,320.0,6.0,55.7369192,37.5989821,Москва,переулок Хилков,unknown,0.25,0,0,0,0,0,1,1,0,1,1,1,1,1,5.771441123130016,102400.0,1,0,0,0,0,0,0,1,3,Парк Палас,unknown,2,0.3333333333333333,0,106.66666666666666,0.026306464396606197,2415000.0
1116,2.0,наземная,Дизайнерский,3.52,2.0,86.0,9.0,59.9314722,30.3701441,Санкт-Петербург,2-я Советская улица,unknown,0.6666666666666666,0,0,0,0,1,0,0,1,1,1,1,1,1,4.465908118654584,7396.0,0,1,1,0,0,0,0,1,1,unknown,Кирпичный,1,0.5,0,0.0,0.03515800616715938,110000.0
806,1.0,unknown,unknown,2.4,1.0,38.0,16.0,56.8549877,60.635225,Свердловская область,улица Уральская,unknown,0.6875,1,1,0,0,1,0,0,1,1,0,1,0,1,3.6635616461296463,1444.0,0,1,2,0,0,0,0,1,1,unknown,Панельный,6,0.14285714285714285,0,0.0,0.033623499465254544,30000.0
796,1.0,unknown,unknown,2.785,1.0,30.0,48.0,56.8968202,37.5393815,Свердловская область,улица Зеленый Остров,unknown,0.32,1,1,0,0,0,1,0,1,1,0,1,0,1,3.4339872044851463,900.0,0,1,1,1,1,1,1,0,0,Зеленый остров,Панельный,4,0.2,1,0.0,23.066391219543,30000.0
1002,1.0,наземная,Дизайнерский,2.785,1.0,44.0,14.0,59.9741364,30.3148475,Санкт-Петербург,проспект Медиков,unknown,0.14285714285714285,1,1,0,0,1,0,0,1,1,1,1,1,1,3.8066624897703196,1936.0,0,1,1,1,1,1,1,0,0,Европа Сити,unknown,3,0.25,1,0.0,0.04468895301089472,65000.0
857,1.0,подземная,Евроремонт,2.7,1.0,44.0,7.0,56.8034866,60.6109556,Свердловская область,улица 8 Марта,Изолированная,0.5416666666666666,0,0,1,1,1,0,0,1,1,0,1,1,1,3.8066624897703196,1936.0,0,1,1,1,2,1,1,0,0,unknown,Блочный,3,0.25,0,0.0,0.03580126018620288,40000.0
708,2.0,unknown,Косметический,2.5,2.0,43.0,4.0,56.9022768,60.6093656,Свердловская область,улица Ильича,Смежная,0.4,1,1,0,0,1,0,0,1,1,0,1,1,1,3.784189633918261,1849.0,0,0,0,0,0,1,1,0,0,unknown,Кирпичный,3,0.25,0,0.0,0.06348271734574716,30000.0
43,1.0,наземная,Дизайнерский,2.785,1.0,37.9,9.0,56.8968202,37.5393815,Свердловская область,улица Степана Разина,Изолированная,0.75,0,0,1,1,1,0,0,1,1,0,1,1,1,3.6609942506244004,1436.4099999999999,0,1,1,1,1,1,1,0,0,unknown,unknown,6,0.14285714285714285,0,0.0,23.066391219543,40000.0
759,1.0,наземная,Евроремонт,2.6,1.0,39.5,32.0,56.779874,60.5509529,Свердловская область,улица Краснолесья,unknown,0.5,0,0,1,1,1,0,0,1,1,0,1,0,1,3.7013019741124933,1560.25,0,1,1,1,1,1,1,0,0,Ньютон Парк,unknown,7,0.125,0,0.0,0.08050660615384529,35000.0
968,1.0,unknown,Евроремонт,2.785,1.0,38.0,52.0,59.8343207,30.1147634,Санкт-Петербург,проспект Ветеранов,unknown,1.0,1,1,0,0,1,0,0,1,1,1,1,1,1,3.6635616461296463,1444.0,0,0,0,0,0,0,0,0,0,Солнечный город. Резиденции,unknown,6,0.14285714285714285,0,0.0,0.24195883477990635,40000.0
993,1.0,наземная,Косметический,2.785,1.0,39.0,19.0,59.8241065,30.3441522,Санкт-Петербург,улица Среднерогатская,Изолированная,0.20833333333333334,0,0,1,1,1,0,0,1,1,1,1,1,1,3.6888794541139363,1521.0,0,1,2,1,1,1,1,0,0,"Светлый мир ""Жизнь""",unknown,7,0.125,0,0.0,0.11056468589513671,40000.0
787,1.0,unknown,unknown,2.785,1.0,32.0,11.0,56.8138302,60.599946,Свердловская область,улица Сурикова,unknown,0.8888888888888888,1,1,1,1,1,0,0,1,1,0,1,1,1,3.4965075614664802,1024.0,0,1,1,1,1,0,0,1,1,unknown,Кирпичный,6,0.14285714285714285,0,0.0,0.025721652125012647,30000.0
700,2.0,наземная,Косметический,2.785,2.0,43.0,25.0,56.8519689,60.6290141,Свердловская область,улица Советская,Изолированная,1.0,1,1,0,0,1,0,0,1,1,0,1,1,1,3.784189633918261,1849.0,0,0,0,0,0,0,0,1,1,unknown,unknown,3,0.25,0,0.0,0.026727203482968916,30000.0
718,2.0,наземная,Евроремонт,2.785,2.0,51.4,16.0,56.8968202,37.5393815,Свердловская область,улица Рассветная,Оба варианта,0.5,1,1,1,1,0,0,0,1,1,0,1,0,1,3.9589065913269965,2641.96,0,1,1,1,1,0,0,0,0,unknown,Кирпичный,3,0.25,0,0.0,23.066391219543,35000.0
713,2.0,наземная,Косметический,2.785,2.0,60.0,16.0,56.778763,60.6327874,Свердловская область,улица Благодатская,Изолированная,0.25,0,0,0,0,1,0,0,1,1,0,0,0,1,4.110873864173311,3600.0,0,0,0,0,0,0,0,1,1,unknown,unknown,3,0.25,0,0.0,0.06595593989748387,35000.0
309,2.0,подземная,Дизайнерский,2.785,2.0,70.0,17.0,59.9768175,30.3326481,Санкт-Петербург,улица Александра Матросова,Изолированная,0.2222222222222222,0,0,1,1,0,0,1,1,1,1,1,1,1,4.2626798770413155,4900.0,0,0,0,1,1,1,1,0,0,Притяжение,Монолитный,5,0.16666666666666666,0,0.0,0.04258813942707769,145000.0
424,3.0,наземная,Евроремонт,3.15,3.0,120.0,10.0,55.7981821,37.5203822,Москва,Чапаевский переулок,Оба варианта,0.15789473684210525,0,0,0,0,1,1,1,1,1,1,1,1,1,4.795790545596741,14400.0,0,1,1,0,0,1,2,1,1,Триумф-Палас,unknown,1,0.5,0,60.0,0.10577949875684692,260000.0
1046,1.0,наземная,Косметический,2.785,1.0,36.5,32.0,60.0329022,30.4621701,Санкт-Петербург,,unknown,0.8095238095238095,1,1,0,0,1,0,0,1,1,0,1,1,1,3.624340932976365,1332.25,0,1,2,1,1,1,1,0,0,Новая Охта,Панельный,6,0.14285714285714285,0,0.0,0.16083906291336889,30000.0
1213,2.0,наземная,Косметический,2.785,2.0,49.0,18.0,59.9033921,30.3181004,Санкт-Петербург,Московский проспект,Изолированная,0.42857142857142855,1,1,0,0,1,0,0,1,1,0,1,1,1,3.912023005428146,2401.0,0,1,1,0,0,0,0,1,1,unknown,unknown,1,0.5,0,0.0,0.03527441966312446,55000.0
220,1.0,наземная,unknown,2.5,1.0,16.0,3.0,59.885414,30.3696687,Санкт-Петербург,улица Салова,unknown,0.1111111111111111,0,0,0,0,0,0,1,1,1,0,0,1,1,2.833213344056216,256.0,0,1,1,1,1,0,0,0,0,Комплекс апартаментов Valo City,Монолитный,1,0.5,0,0.0,0.05987350011223782,30000.0
533,3.0,unknown,Евроремонт,3.2,3.0,182.0,3.0,55.7727873,37.594136,Москва,3-я Тверская-Ямская улица,Оба варианта,0.2857142857142857,0,0,0,0,1,0,0,1,1,1,1,1,1,5.209486152841421,33124.0,1,1,1,0,0,1,3,1,1,unknown,unknown,1,0.5,0,91.0,0.02872523728866218,525000.0
1069,1.0,unknown,Евроремонт,2.785,1.0,40.0,20.0,60.0207659,30.2793888,Санкт-Петербург,улица Репищева,unknown,0.3125,0,0,1,1,1,0,0,1,1,1,1,1,1,3.713572066704308,1600.0,0,1,2,0,0,0,0,1,1,До Ре Ми,Монолитный,10,0.09090909090909091,0,0.0,0.10285956284298595,45000.0
485,5.0,подземная,Евроремонт,2.785,5.0,190.0,9.0,55.7637931,37.6454236,Москва,улица Жуковского,Изолированная,0.8,0,0,0,0,0,0,1,1,1,1,1,1,1,5.25227342804663,36100.0,1,1,1,0,0,1,2,0,0,unknown,Кирпичный,1,0.5,0,95.0,0.029237416516683587,500000.0
513,4.0,подземная,Дизайнерский,2.785,4.0,320.0,6.0,55.7369192,37.5989821,Москва,переулок Хилков,unknown,0.2857142857142857,1,1,0,0,1,1,1,1,1,1,1,1,1,5.771441123130016,102400.0,1,1,1,0,0,1,3,0,0,Парк Палас,Монолитный,2,0.3333333333333333,0,106.66666666666666,0.026306464396606197,2415000.0
209,2.0,наземная,Дизайнерский,2.785,2.0,61.0,3.0,59.9361517,30.3125509,Санкт-Петербург,Малая Морская улица,unknown,0.6,0,0,0,0,0,1,0,1,1,1,1,1,1,4.127134385045092,3721.0,0,0,0,0,0,0,0,1,1,unknown,unknown,2,0.3333333333333333,0,0.0,0.02262500173922581,85000.0
76,1.0,наземная,Косметический,2.785,1.0,29.0,25.0,56.8968202,60.6374002,Свердловская область,улица Донская,Оба варианта,1.0,1,1,0,0,1,0,0,0,1,0,1,1,1,3.4011973816621555,841.0,0,0,0,0,0,1,1,0,0,unknown,unknown,3,0.25,0,0.0,0.06602766274888104,20000.0
622,2.0,наземная,Евроремонт,2.785,2.0,64.9,20.0,56.905478,60.5840386,Свердловская область,улица Победы,Изолированная,0.5517241379310345,1,1,0,0,1,0,0,1,1,0,1,0,1,4.188138441508461,4212.010000000001,0,1,1,1,1,1,1,0,0,Народные Кварталы,unknown,2,0.3333333333333333,0,0.0,0.07001318685761948,50000.0
1040,1.0,наземная,Евроремонт,2.785,1.0,42.0,13.0,59.9845648,30.2672042,Санкт-Петербург,улица Покрышева,Изолированная,0.25,1,1,0,0,1,0,0,1,1,0,1,1,1,3.7612001156935624,1764.0,0,1,1,0,0,0,0,1,1,unknown,unknown,3,0.25,0,0.0,0.08447715535386112,55000.0
198,2.0,наземная,Евроремонт,2.785,2.0,40.0,56.0,56.785245,60.4991316,Свердловская область,улица Академика Парина,unknown,0.9333333333333333,0,0,0,0,1,0,0,1,1,0,1,1,1,3.713572066704308,1600.0,0,1,1,0,0,1,1,0,0,Eleven,unknown,5,0.16666666666666666,0,0.0,0.11931338107504959,30000.0
931,1.0,наземная,Евроремонт,2.785,1.0,35.4,20.0,60.0121608,30.4198072,Санкт-Петербург,улица Карпинского,Изолированная,0.5,0,0,1,1,0,1,0,1,1,0,1,0,1,3.594568774642695,1253.1599999999999,0,1,1,1,1,0,0,1,1,unknown,unknown,8,0.1111111111111111,0,0.0,0.11505483000934595,35000.0
628,2.0,unknown,unknown,2.785,2.0,50.0,16.0,56.7846506,60.6587408,Свердловская область,улица Гаршина,unknown,0.2857142857142857,0,0,0,0,0,0,0,1,0,0,0,0,0,3.9318256327243257,2500.0,0,0,0,0,0,0,0,0,0,Утёс,unknown,3,0.25,0,0.0,0.07587044131280739,30000.0
128,1.0,unknown,Косметический,2.785,1.0,40.0,40.0,56.7827961,60.5349388,Свердловская область,улица Кольцевая,unknown,0.4,0,0,1,1,1,0,0,1,1,0,1,0,1,3.713572066704308,1600.0,0,0,0,0,0,1,1,0,0,unknown,Кирпичный,10,0.09090909090909091,0,0.0,0.09030390368444972,30000.0
78,,наземная,Дизайнерский,2.785,2.0,19.0,44.0,56.8281287,60.6954597,Свердловская область,улица 40-летия Комсомола,unknown,0.07692307692307693,0,0,0,0,1,0,0,1,1,0,1,0,1,2.995732273553991,361.0,0,1,1,1,1,1,1,0,0,unknown,unknown,2,0.3333333333333333,0,0.0,0.09040367607448481,30000.0
536,3.0,наземная,Дизайнерский,2.785,3.0,156.0,15.0,55.7607474,37.5922066,Москва,улица Спиридоновка,Изолированная,0.5555555555555556,1,1,0,0,0,0,0,1,1,1,1,1,1,5.056245805348308,24336.0,0,1,1,0,0,1,1,1,1,unknown,Кирпичный,1,0.5,0,78.0,0.025576463600743095,575000.0
558,4.0,наземная,Евроремонт,3.2,4.0,170.0,6.0,55.7551206,37.6034837,Москва,Средний Кисловский переулок,Оба варианта,1.0,0,0,0,0,1,1,1,1,1,1,1,1,1,5.14166355650266,28900.0,1,1,1,0,0,1,2,1,1,unknown,unknown,1,0.5,0,85.0,0.013832994254681779,455000.0
81,1.0,наземная,Косметический,2.785,1.0,41.0,20.0,56.9222481,60.6098696,Свердловская область,проспект Космонавтов,Изолированная,0.23076923076923078,0,0,1,1,1,0,0,1,0,0,1,0,0,3.7376696182833684,1681.0,0,1,1,1,1,1,1,0,0,Новатор,unknown,5,0.16666666666666666,0,0.0,0.08345232973242384,30000.0
582,3.0,наземная,Дизайнерский,2.785,3.0,105.0,12.0,55.7558105,37.5883549,Москва,Трубниковский переулок,unknown,0.2857142857142857,0,0,0,0,0,1,1,1,1,1,1,1,1,4.663439094112067,11025.0,0,1,1,0,0,1,2,1,2,unknown,Кирпичный,2,0.3333333333333333,1,35.0,0.02894510190446875,300000.0
275,3.0,подземная,Евроремонт,2.785,3.0,150.0,6.0,59.9351142,30.359296,Санкт-Петербург,улица Восстания,Изолированная,0.5,1,1,0,0,0,0,1,1,1,1,1,1,1,5.017279836814924,22500.0,0,1,2,1,1,0,0,1,1,unknown,Монолитно-кирпичный,1,0.5,0,0.0,0.024209695116626222,145000.0
1232,2.0,unknown,Дизайнерский,2.785,2.0,55.0,12.0,59.8785688,30.3351693,Санкт-Петербург,улица Решетникова,Изолированная,1.0,1,1,0,0,1,0,0,1,1,1,1,1,1,4.02535169073515,3025.0,0,0,0,0,0,0,0,1,1,unknown,unknown,6,0.14285714285714285,0,0.0,0.05573124308617591,75000.0
1148,2.0,наземная,Евроремонт,2.5,2.0,45.4,24.0,60.0495878,30.3805804,Санкт-Петербург,проспект Культуры,unknown,1.0,0,0,1,1,1,0,0,1,1,1,1,1,1,3.8372994592322094,2061.16,0,1,1,0,0,0,0,1,1,unknown,Панельный,5,0.16666666666666666,0,0.0,0.12393443271746261,35000.0
665,2.0,наземная,Дизайнерский,2.785,2.0,75.0,15.0,56.8285939,60.5906426,Свердловская область,улица Радищева,Изолированная,0.75,0,0,1,1,1,0,1,1,1,1,1,1,1,4.330733340286331,5625.0,0,1,1,1,1,1,1,0,0,unknown,unknown,2,0.3333333333333333,0,0.0,0.018246670709198217,90000.0
51,1.0,подземная,Дизайнерский,2.7,1.0,42.0,10.0,56.8265387,60.5913905,Свердловская область,улица Куйбышева,unknown,0.125,1,1,0,0,1,0,0,1,1,1,1,1,1,3.7612001156935624,1764.0,0,1,2,1,1,1,1,0,0,unknown,unknown,3,0.25,0,0.0,0.018909350278101436,55000.0
1048,1.0,наземная,Евроремонт,2.785,1.0,36.1,19.0,59.8234421,30.3479463,Санкт-Петербург,улица Федора Котанова,Изолированная,0.2631578947368421,0,0,1,1,1,0,0,1,1,1,1,1,1,3.6136169696133895,1303.21,0,1,1,1,1,1,1,0,0,"Светлый мир ""Жизнь""",Монолитный,6,0.14285714285714285,0,0.0,0.11159973752702024,40000.0
900,1.0,unknown,unknown,2.5,1.0,32.0,40.0,56.829605,60.6850437,Свердловская область,бульвар Сиреневый,unknown,0.3333333333333333,1,1,0,0,1,0,0,0,0,0,1,1,1,3.4965075614664802,1024.0,0,0,0,0,0,0,0,1,1,unknown,Панельный,6,0.14285714285714285,0,0.0,0.07988629265831804,25000.0
1061,1.0,наземная,Косметический,2.785,1.0,35.3,24.0,59.8613292,30.2612107,Санкт-Петербург,улица Морской Пехоты,unknown,0.4,0,0,0,0,0,1,0,1,1,0,1,0,1,3.591817741270805,1246.0899999999997,0,1,1,1,1,1,1,0,0,Морская миля,Монолитный,8,0.1111111111111111,0,0.0,0.10384780357393315,35000.0
925,1.0,подземная,Евроремонт,2.785,1.0,52.0,16.0,59.9398032,30.3908959,Санкт-Петербург,Кирочная улица,unknown,0.5,0,0,0,0,0,1,1,1,1,1,1,1,1,3.970291913552122,2704.0,0,1,1,0,0,1,1,0,0,Монополист,Монолитный,3,0.25,0,0.0,0.05606663595267653,85000.0
598,4.0,unknown,Евроремонт,3.2,4.0,120.0,11.0,55.7621884,37.5905041,Москва,улица Спиридоновка,Оба варианта,0.6,0,0,0,0,1,1,1,1,1,1,1,1,1,4.795790545596741,14400.0,0,1,1,0,0,1,2,1,1,unknown,unknown,1,0.5,0,60.0,0.02754690384362935,355000.0
168,2.0,открытая,Косметический,2.785,2.0,44.4,52.0,56.7794792,60.5076976,Свердловская область,улица Академика Ландау,Изолированная,0.4166666666666667,0,0,0,0,0,0,0,0,0,0,0,0,0,3.8155121050473024,1971.36,0,1,2,0,0,1,1,0,0,Спутник-1,Монолитный,3,0.25,0,0.0,0.11460934463821151,30000.0
816,1.0,подземная,Дизайнерский,2.785,1.0,39.9,5.0,56.7994937,60.6363693,Свердловская область,улица Онежская,Смежная,0.75,0,0,0,0,1,0,1,1,1,1,1,1,1,3.711130063048756,1592.01,0,1,2,1,1,1,1,0,0,4YOU,unknown,7,0.125,0,0.0,0.04993458162616583,70000.0
527,4.0,подземная,Дизайнерский,2.785,4.0,340.0,14.0,55.7369192,37.5989821,Москва,переулок Хилков,unknown,0.25,1,1,0,0,1,1,1,1,1,1,1,1,1,5.831882477283517,115600.0,1,1,1,0,0,1,3,0,0,Парк Палас,Монолитный,1,0.5,0,170.0,0.026306464396606197,2250000.0
286,1.0,unknown,Дизайнерский,2.785,1.0,35.0,16.0,59.9192633,30.2852892,Санкт-Петербург,набережная Канала Грибоедова,unknown,0.4,0,0,0,0,1,0,0,1,1,1,1,1,1,3.58351893845611,1225.0,0,0,0,0,0,0,0,1,1,unknown,Кирпичный,8,0.1111111111111111,0,0.0,0.05203093448641916,55000.0
1085,1.0,наземная,Евроремонт,2.785,1.0,43.0,13.0,56.8968202,37.5393815,Санкт-Петербург,Рыбацкий проспект,Изолированная,0.8125,1,1,0,0,1,0,0,1,1,0,1,0,1,3.784189633918261,1849.0,0,1,1,1,1,0,0,1,1,unknown,unknown,2,0.3333333333333333,0,0.0,7.818436894076094,35000.0
545,4.0,подземная,Евроремонт,2.785,4.0,190.0,6.0,55.7170885,37.3992759,Москва,Можайское шоссе,Изолированная,0.25,1,1,0,0,1,1,1,1,1,1,1,1,1,5.25227342804663,36100.0,1,1,1,0,0,1,3,0,0,unknown,Монолитно-кирпичный,1,0.5,1,95.0,0.22143416270544222,340000.0
998,1.0,подземная,Евроремонт,2.9,1.0,50.0,20.0,59.9011622,30.4568978,Санкт-Петербург,улица Дыбенко,Оба варианта,0.5294117647058824,0,0,1,1,0,1,0,1,1,0,1,1,1,3.9318256327243257,2500.0,0,1,2,0,0,1,1,0,0,Ренессанс,Монолитный,1,0.5,0,0.0,0.12622526638387335,70000.0
58,2.0,подземная,Дизайнерский,2.785,2.0,47.0,5.0,56.8076383,60.6142017,Свердловская область,улица Щорса,unknown,0.9523809523809523,1,1,0,0,0,1,0,1,1,1,1,1,1,3.871201010907891,2209.0,0,1,1,1,1,1,1,0,0,Квартал Федерация,unknown,2,0.3333333333333333,0,0.0,0.03239711082458078,70000.0
261,1.0,наземная,Дизайнерский,2.8,1.0,38.0,11.0,59.9090614,30.3538891,Санкт-Петербург,Прилукская улица,unknown,0.7,0,0,0,0,0,0,0,1,1,1,1,0,1,3.6635616461296463,1444.0,0,1,2,0,0,1,1,0,0,Дом на Прилукской,Монолитный,6,0.14285714285714285,0,0.0,0.031464538909223724,70000.0
1005,1.0,unknown,Дизайнерский,2.785,1.0,48.0,9.0,59.9102115,30.3139261,Санкт-Петербург,улица Егорова,unknown,0.7142857142857143,1,1,0,0,0,1,0,1,1,1,1,1,1,3.8918202981106265,2304.0,0,1,1,0,0,1,1,0,0,unknown,unknown,2,0.3333333333333333,0,0.0,0.032071636588423845,70000.0
1167,2.0,unknown,Евроремонт,2.785,2.0,74.1,17.0,59.9179355,30.2994962,Санкт-Петербург,набережная Реки Фонтанки,unknown,0.6666666666666666,0,0,0,0,1,0,0,1,1,1,1,1,1,4.318820558770089,5490.8099999999995,0,1,1,0,0,1,1,0,0,unknown,Кирпичный,1,0.5,0,0.0,0.03918453055339685,80000.0
467,2.0,подземная,Евроремонт,2.785,2.0,64.0,22.0,55.7350299,37.5283371,Москва,Поклонная улица,Изолированная,0.25,0,0,0,0,0,1,1,1,1,1,1,1,1,4.174387269895637,4096.0,0,1,1,0,0,1,1,0,0,Поклонная 9,Монолитно-кирпичный,2,0.3333333333333333,1,21.333333333333332,0.09135532075593483,235000.0
535,3.0,подземная,Евроремонт,3.3,3.0,111.0,4.0,55.7742047,37.585559,Москва,Большая Грузинская улица,unknown,0.3,0,0,0,0,1,0,0,1,1,1,1,1,1,4.718498871295094,12321.0,0,1,1,1,1,1,1,1,1,Четыре Ветра,Монолитно-кирпичный,1,0.5,0,55.5,0.03669092616832818,430000.0
49,2.0,наземная,Дизайнерский,2.785,2.0,48.0,14.0,56.8065205,60.6270608,Свердловская область,улица Цвиллинга,unknown,0.14814814814814814,1,1,0,0,1,0,0,1,1,0,1,1,1,3.8918202981106265,2304.0,0,1,4,1,1,1,1,0,0,unknown,Блочный,1,0.5,0,0.0,0.038790666363062866,50000.0
892,1.0,подземная,Косметический,2.785,1.0,33.0,20.0,56.905478,60.5840386,Свердловская область,улица Победы,Смежная,0.8,0,0,0,0,1,0,0,1,1,0,0,0,0,3.5263605246161616,1089.0,0,1,2,1,2,1,1,0,0,Народные Кварталы,unknown,6,0.14285714285714285,0,0.0,0.07001318685761948,25000.0
277,5.0,подземная,Дизайнерский,2.785,5.0,210.0,11.0,59.9731051,30.3032482,Санкт-Петербург,Каменноостровский проспект,Оба варианта,0.8571428571428571,0,0,0,0,0,0,1,1,1,1,1,1,1,5.351858133476067,44100.0,1,1,1,0,0,1,2,0,0,Каменноостровская коллекция,Монолитно-кирпичный,1,0.5,0,0.0,0.0502033161180607,390000.0
428,4.0,подземная,Евроремонт,2.785,4.0,219.0,9.0,55.7387734,37.6021563,Москва,Молочный переулок,Оба варианта,0.4,0,0,0,0,1,1,1,1,1,1,1,1,1,5.393627546352362,47961.0,1,1,1,0,0,1,2,1,1,Молочный 1,unknown,1,0.5,0,109.5,0.022786767152234034,845000.0
1011,1.0,подземная,Евроремонт,2.75,1.0,41.9,19.0,59.9038151,30.3474472,Санкт-Петербург,улица Тосина,unknown,0.5555555555555556,0,0,1,1,1,0,0,1,1,1,1,1,1,3.758871825933971,1755.61,0,0,0,1,1,0,0,1,1,Автограф в центре,Монолитный,5,0.16666666666666666,0,0.0,0.03289046177617259,60000.0
1155,2.0,наземная,Дизайнерский,2.6,2.0,55.0,15.0,60.0063375,30.3530446,Санкт-Петербург,проспект Тореза,unknown,0.6666666666666666,0,0,1,1,1,0,1,1,1,0,1,1,1,4.02535169073515,3025.0,0,1,2,0,0,1,1,0,0,unknown,unknown,6,0.14285714285714285,0,0.0,0.07423887172775497,65000.0
415,5.0,подземная,Евроремонт,2.785,5.0,220.0,6.0,55.733942,37.6405672,Москва,Озерковская набережная,Изолированная,0.75,1,1,0,0,1,1,1,1,1,1,1,1,1,5.3981627015177525,48400.0,1,1,1,0,0,1,2,1,1,Дом на Озерковской,Кирпичный,1,0.5,1,110.0,0.03192389011132643,680000.0
328,2.0,подземная,Евроремонт,2.785,2.0,87.0,18.0,59.8508238,30.3006137,Санкт-Петербург,,Изолированная,0.8888888888888888,0,0,1,2,0,1,0,1,1,1,1,1,1,4.477336814478207,7569.0,0,1,1,1,1,0,0,1,1,unknown,Кирпичный,1,0.5,0,0.0,0.09031932713506029,85000.0
420,4.0,подземная,Дизайнерский,2.785,4.0,125.0,8.0,55.7332913,37.5796308,Москва,Олсуфьевский переулок,unknown,0.5333333333333333,0,0,0,0,1,1,1,1,1,1,1,1,1,4.836281906951478,15625.0,0,1,1,0,0,1,2,0,0,unknown,Монолитный,1,0.5,0,62.5,0.04388177530969312,840000.0
439,6.0,подземная,Евроремонт,2.785,6.0,190.0,9.0,55.7746375,37.6308025,Москва,улица Гиляровского,Изолированная,0.8571428571428571,0,0,0,0,0,0,0,1,1,1,1,1,1,5.25227342804663,36100.0,1,1,1,0,0,1,3,1,1,unknown,Кирпичный,1,0.5,1,95.0,0.023176904722156142,455000.0
1269,2.0,подземная,Дизайнерский,2.9,2.0,40.0,6.0,59.9329091,30.3664696,Санкт-Петербург,2-я Советская улица,unknown,0.2222222222222222,1,1,0,0,1,0,1,1,1,1,1,1,1,3.713572066704308,1600.0,0,1,4,1,2,0,0,1,2,ArtStudio,Монолитный,5,0.16666666666666666,0,0.0,0.031400420490335146,85000.0
442,2.0,unknown,Дизайнерский,3.9,2.0,62.2,4.0,55.7519171,37.5342124,Москва,,unknown,0.46153846153846156,0,0,0,0,1,1,1,1,1,1,1,1,1,4.146304301152812,3868.84,0,1,1,1,1,1,1,1,1,NEVA TOWERS,Монолитный,2,0.3333333333333333,0,20.733333333333334,0.08317827953360077,215000.0
101,1.0,unknown,Косметический,2.785,1.0,43.0,44.0,56.7915931,60.5372235,Свердловская область,улица Анатолия Мехренцева,unknown,0.11764705882352941,1,1,0,0,1,0,0,1,1,0,1,0,1,3.784189633918261,1849.0,0,0,0,0,0,1,1,0,0,unknown,unknown,2,0.3333333333333333,0,0.0,0.0832284436948068,30000.0
1257,2.0,наземная,Дизайнерский,3.0,2.0,90.0,13.0,60.0496007,30.3164362,Санкт-Петербург,улица Композиторов,unknown,0.6666666666666666,1,1,0,0,1,0,0,1,1,0,1,1,1,4.51085950651685,8100.0,0,1,1,1,1,0,0,1,2,unknown,Кирпичный,3,0.25,0,0.0,0.11680149335915964,85000.0
676,2.0,unknown,unknown,2.785,2.0,90.0,13.0,56.8435779,60.5906761,Свердловская область,улица Бориса Ельцина,Оба варианта,0.34545454545454546,0,0,0,0,1,0,1,1,1,1,1,1,1,4.51085950651685,8100.0,0,1,1,1,1,0,0,1,1,unknown,Монолитный,3,0.25,1,0.0,0.01573532076634739,155000.0
614,2.0,наземная,Евроремонт,2.785,2.0,36.0,20.0,56.8243822,60.5531783,Свердловская область,улица Заводская,unknown,0.8648648648648649,1,1,0,0,1,0,0,1,1,0,1,1,1,3.6109179126442243,1296.0,0,1,1,0,0,1,1,0,0,unknown,unknown,1,0.5,0,0.0,0.05449124230305252,30000.0
596,3.0,наземная,Евроремонт,3.2,3.0,140.0,8.0,55.7238044,37.6088645,Москва,улица Шаболовка,Оба варианта,0.65,1,1,1,1,1,1,1,1,1,1,1,1,1,4.948759890378168,19600.0,0,1,1,0,0,1,2,1,1,Созвездие Капитал-2,unknown,1,0.5,1,70.0,0.033088911732030074,315000.0
1157,2.0,наземная,Косметический,2.9,2.0,60.0,4.0,59.9298862,30.3447697,Санкт-Петербург,улица Рубинштейна,Изолированная,1.0,0,0,0,0,1,0,0,1,1,0,1,1,1,4.110873864173311,3600.0,0,0,0,0,0,0,0,1,1,unknown,Кирпичный,3,0.25,0,0.0,0.010629427478938544,65000.0
192,2.0,unknown,unknown,2.35,2.0,46.7,52.0,56.7802661,60.5081275,Свердловская область,улица Академика Ландау,Изолированная,0.8666666666666667,0,0,0,0,0,0,0,0,0,0,0,0,0,3.8649313978942956,2180.8900000000003,0,0,0,0,0,1,1,0,0,unknown,Монолитный,2,0.3333333333333333,0,0.0,0.11383464756154038,30000.0
1053,1.0,наземная,Евроремонт,2.785,1.0,33.4,40.0,56.8968202,37.5393815,Санкт-Петербург,,Изолированная,0.13333333333333333,0,0,1,1,1,0,0,1,1,1,1,0,1,3.5380565643793527,1115.56,0,1,1,1,1,1,1,0,0,Parkolovo,unknown,6,0.14285714285714285,0,0.0,7.818436894076094,35000.0
727,2.0,наземная,Косметический,2.785,2.0,47.0,20.0,56.8968202,37.5393815,Свердловская область,бульвар Денисова-Уральского,Изолированная,0.6666666666666666,0,0,1,1,1,0,0,1,1,1,1,1,1,3.871201010907891,2209.0,0,1,2,0,0,0,0,1,1,unknown,unknown,2,0.3333333333333333,0,0.0,23.066391219543,30000.0
1027,1.0,наземная,Евроремонт,2.6,1.0,40.0,23.0,56.8968202,37.5393815,Санкт-Петербург,улица Федора Абрамова,unknown,0.8076923076923077,0,0,1,1,1,0,0,1,1,0,1,1,1,3.713572066704308,1600.0,0,1,3,1,1,1,1,0,0,Северная долина,Монолитно-кирпичный,10,0.09090909090909091,0,0.0,7.818436894076094,40000.0
958,1.0,наземная,Косметический,2.785,1.0,38.0,24.0,60.0284758,30.2308172,Санкт-Петербург,Шуваловский проспект,Изолированная,1.0,0,0,1,1,1,0,0,1,1,0,1,0,1,3.6635616461296463,1444.0,0,1,1,0,0,0,0,1,1,unknown,unknown,6,0.14285714285714285,0,0.0,0.1405132864944821,35000.0
983,1.0,наземная,Дизайнерский,2.785,1.0,22.2,23.0,59.9175968,30.2865144,Санкт-Петербург,Садовая улица,unknown,0.6,0,0,0,0,1,0,0,1,0,1,1,1,1,3.1441522786722644,492.84,0,0,0,0,0,0,0,1,2,unknown,unknown,3,0.25,0,0.0,0.05137662326000009,50000.0
737,2.0,наземная,Евроремонт,2.785,2.0,72.0,24.0,56.8385992,60.5432899,Свердловская область,улица Фролова,Изолированная,0.25,0,0,1,1,1,0,0,1,1,0,1,1,1,4.290459441148391,5184.0,0,1,1,0,0,1,1,0,0,unknown,unknown,2,0.3333333333333333,0,0.0,0.06241082488358995,55000.0
308,3.0,открытая,Дизайнерский,2.785,3.0,70.0,17.0,59.9768175,30.3326481,Санкт-Петербург,улица Александра Матросова,Изолированная,0.2222222222222222,0,0,1,1,0,0,1,1,1,1,1,1,1,4.2626798770413155,4900.0,0,1,2,0,0,1,1,0,0,Притяжение,Монолитно-кирпичный,1,0.5,1,0.0,0.04258813942707769,115000.0
813,1.0,unknown,Евроремонт,2.785,1.0,41.0,16.0,56.7807392,60.6468237,Свердловская область,улица Олега Кошевого,unknown,0.55,0,0,1,1,0,0,1,1,0,1,1,1,1,3.7376696182833684,1681.0,0,1,3,0,0,0,0,0,0,Уктус,Монолитный,5,0.16666666666666666,0,0.0,0.07123087363166594,35000.0
371,,unknown,Косметический,3.3,2.0,25.0,6.0,59.9311256,30.3667546,Санкт-Петербург,Невский проспект,unknown,0.16666666666666666,0,0,0,0,0,1,0,1,1,0,1,1,1,3.258096538021482,625.0,0,0,0,0,0,0,0,0,0,unknown,Кирпичный,1,0.5,0,0.0,0.031813370090576124,35000.0
599,4.0,наземная,Евроремонт,2.8,4.0,160.0,2.0,55.7713762,37.6187305,Москва,Цветной бульвар,Оба варианта,0.6,1,1,1,1,1,1,1,1,1,0,1,1,1,5.081404364984463,25600.0,1,1,1,0,0,1,2,1,1,unknown,unknown,2,0.3333333333333333,1,53.33333333333333,0.015641749796296334,360000.0
44,2.0,подземная,Евроремонт,2.7,2.0,70.4,28.0,56.8339566,60.6615021,Свердловская область,улица Комсомольская,unknown,0.52,0,0,1,1,1,0,1,1,1,0,1,1,1,4.268297869345539,4956.160000000001,0,1,1,1,1,1,1,0,0,Микрорайон «Университетский»,Монолитный,5,0.16666666666666666,0,0.0,0.056020635197845975,60000.0
123,1.0,подземная,Евроремонт,2.7,1.0,40.0,24.0,56.812654,60.5854904,Свердловская область,улица Фурманова,unknown,0.6875,0,0,1,1,1,0,0,1,1,0,1,1,1,3.713572066704308,1600.0,0,1,1,1,1,1,1,0,0,unknown,unknown,10,0.09090909090909091,0,0.0,0.03312522374505672,40000.0
1168,2.0,unknown,Евроремонт,2.785,2.0,68.0,5.0,59.9297245,30.3665098,Санкт-Петербург,Невский проспект,unknown,0.6666666666666666,0,0,0,0,1,0,0,1,1,1,1,1,1,4.23410650459726,4624.0,0,1,1,0,0,0,0,1,1,unknown,unknown,3,0.25,0,0.0,0.03174130961838109,70000.0
29,3.0,наземная,Косметический,2.785,3.0,62.0,32.0,56.8388515,60.6643195,Свердловская область,улица Студенческая,Изолированная,1.0,1,1,0,0,1,0,0,1,1,0,1,0,1,4.143134726391533,3844.0,0,0,0,0,0,0,0,1,1,unknown,unknown,2,0.3333333333333333,0,0.0,0.05861952006371151,35000.0
31,,наземная,Дизайнерский,2.5,2.0,20.0,23.0,56.8408316,60.6245086,Свердловская область,проспект Ленина,unknown,0.5,0,0,0,0,0,1,0,1,1,0,1,1,1,3.044522437723423,400.0,0,1,1,0,0,1,1,0,0,unknown,Кирпичный,2,0.3333333333333333,0,0.0,0.018907525288096003,35000.0
282,1.0,открытая,Евроремонт,2.785,1.0,42.0,28.0,56.8968202,37.5393815,Санкт-Петербург,улица Вадима Шефнера,unknown,0.5,0,0,0,0,0,0,0,1,1,1,1,0,1,3.7612001156935624,1764.0,0,1,2,0,0,1,1,0,0,"Светлый мир ""Я-романтик""",Панельный,3,0.25,0,0.0,7.818436894076094,50000.0
380,2.0,unknown,unknown,2.785,2.0,44.5,20.0,59.8931412,30.4735626,Санкт-Петербург,улица Тельмана,unknown,1.0,0,0,1,1,0,0,0,0,0,0,1,0,1,3.817712325956905,1980.25,0,0,0,0,0,0,0,0,0,unknown,unknown,3,0.25,0,0.0,0.14445047046029294,40000.0
630,2.0,unknown,unknown,2.785,2.0,60.0,7.0,56.803918,60.6091336,Свердловская область,улица Союзная,Изолированная,0.88,1,1,0,0,1,0,1,1,1,1,1,1,1,4.110873864173311,3600.0,0,1,1,1,1,1,1,1,1,unknown,Монолитно-кирпичный,3,0.25,0,0.0,0.035150105731846175,45000.0
710,2.0,наземная,Евроремонт,2.785,2.0,40.0,20.0,56.7846506,60.6587408,Свердловская область,улица Гаршина,Изолированная,0.6551724137931034,0,0,1,1,1,0,0,1,1,0,1,0,1,3.713572066704308,1600.0,0,1,2,1,2,1,1,0,0,Утёс,unknown,5,0.16666666666666666,0,0.0,0.07587044131280739,35000.0
86,,unknown,Косметический,2.785,2.0,27.0,52.0,56.7811071,60.5066086,Свердловская область,улица Академика Ландау,unknown,0.4375,0,0,0,0,1,0,0,1,1,0,1,0,1,3.332204510175204,729.0,0,0,0,0,0,1,1,0,0,Олимпика,unknown,1,0.5,0,0.0,0.11471322872437202,20000.0
332,1.0,наземная,Дизайнерский,2.75,1.0,36.0,19.0,59.9038151,30.3474472,Санкт-Петербург,улица Тосина,unknown,1.0,0,0,1,1,1,1,1,1,1,1,1,1,1,3.6109179126442243,1296.0,0,1,1,1,1,1,1,0,0,Автограф в центре,Монолитный,6,0.14285714285714285,0,0.0,0.03289046177617259,60000.0
529,4.0,наземная,Евроремонт,2.785,4.0,173.0,17.0,55.7644507,37.6529503,Москва,улица Машкова,Изолированная,0.6,0,0,0,0,1,1,1,1,1,1,1,1,1,5.159055299214529,29929.0,1,1,1,0,0,1,1,1,1,unknown,Кирпичный,1,0.5,0,86.5,0.03668485383070201,340000.0
755,1.0,unknown,Косметический,2.785,1.0,29.0,28.0,56.7673852,60.6140404,Свердловская область,улица Селькоровская,unknown,1.0,1,1,0,0,0,0,0,1,1,0,1,0,1,3.4011973816621555,841.0,0,0,0,0,0,1,1,0,0,unknown,Панельный,3,0.25,0,0.0,0.07199950618719841,20000.0
919,1.0,наземная,Евроремонт,2.6,1.0,39.8,24.0,59.9065969,30.4480007,Санкт-Петербург,Дальневосточный проспект,unknown,0.6470588235294118,0,0,1,1,1,0,0,1,1,0,1,0,1,3.708682081410116,1584.0399999999997,0,1,1,1,1,0,0,1,1,Pulse Premier,Панельный,7,0.125,0,0.0,0.11624985939819624,45000.0
70,1.0,unknown,Косметический,2.785,1.0,30.0,52.0,56.763683,60.7113329,Свердловская область,улица Славянская,Смежная,0.2,0,0,0,0,1,0,0,1,1,0,1,1,1,3.4339872044851463,900.0,0,0,0,0,0,1,1,0,0,unknown,Панельный,4,0.2,0,0.0,0.12967616069043308,20000.0
199,,unknown,Евроремонт,2.785,2.0,26.0,17.0,56.8043841,60.5899139,Свердловская область,улица Амундсена,unknown,0.15,1,1,0,0,1,0,0,1,1,0,1,0,1,3.295836866004329,676.0,0,1,2,1,2,1,1,0,0,Астон. Событие,unknown,2,0.3333333333333333,0,0.0,0.03795455580059071,30000.0
858,1.0,наземная,Косметический,2.785,1.0,33.2,56.0,56.7900942,60.4912514,Свердловская область,улица Евгения Савкова,unknown,0.2857142857142857,1,1,0,0,0,0,0,0,0,0,0,0,0,3.5322256440685598,1102.2400000000002,0,0,0,1,1,1,1,0,0,Меридиан,unknown,6,0.14285714285714285,0,0.0,0.12442060985061681,25000.0
447,2.0,unknown,Дизайнерский,3.0,2.0,73.3,4.0,55.7519171,37.5342124,Москва,,unknown,0.620253164556962,0,0,0,0,1,1,1,1,1,1,1,1,1,4.308110951723713,5372.889999999999,0,1,1,1,1,1,1,1,1,NEVA TOWERS,Монолитный,3,0.25,0,18.325,0.08317827953360077,260000.0
1235,2.0,наземная,Евроремонт,2.785,2.0,53.0,21.0,59.937928,30.3800628,Санкт-Петербург,улица Моисеенко,Изолированная,0.2,0,0,0,0,0,1,0,1,1,0,1,1,1,3.9889840465642745,2809.0,0,0,0,0,0,1,1,0,0,unknown,unknown,2,0.3333333333333333,0,0.0,0.045108932240078906,65000.0
312,3.0,открытая,Дизайнерский,2.785,3.0,100.0,6.0,59.9372366,30.3203516,Санкт-Петербург,набережная Реки Мойки,Изолированная,0.6,0,0,0,0,0,0,0,1,1,1,1,1,1,4.61512051684126,10000.0,0,1,1,0,0,1,1,1,1,unknown,Кирпичный,2,0.3333333333333333,0,0.0,0.015037916149521784,145000.0
240,,наземная,Евроремонт,2.7,2.0,19.5,32.0,60.033321,30.1959871,Санкт-Петербург,Планерная улица,unknown,0.3076923076923077,0,0,1,1,1,1,0,1,1,0,1,0,1,3.0204248861443626,380.25,0,1,1,1,1,1,1,0,0,New Time,Панельный,2,0.3333333333333333,0,0.0,0.17075584144447378,30000.0
233,1.0,открытая,Евроремонт,2.785,1.0,48.0,13.0,59.9285553,30.2834349,Санкт-Петербург,набережная Реки Мойки,unknown,0.5,0,0,0,0,0,0,1,1,1,1,1,1,1,3.8918202981106265,2304.0,0,0,0,0,0,1,1,0,0,unknown,Кирпичный,2,0.3333333333333333,0,0.0,0.05198349869045097,80000.0
1134,2.0,подземная,Дизайнерский,2.785,2.0,52.0,16.0,59.960662,30.2526904,Санкт-Петербург,Петровский проспект,Изолированная,0.75,0,0,0,0,0,0,1,1,1,1,1,1,1,3.970291913552122,2704.0,0,1,2,0,0,1,1,0,0,Grand View,Монолитный,3,0.25,0,0.0,0.08652339115037186,165000.0
772,1.0,наземная,Евроремонт,3.0,1.0,46.0,10.0,56.8348381,60.5874967,Свердловская область,улица Попова,unknown,0.6,0,0,1,1,0,1,0,1,1,1,1,1,1,3.8501476017100584,2116.0,0,1,3,0,0,1,1,0,0,Ленина 8,Монолитно-кирпичный,1,0.5,0,0.0,0.018650982882944485,45000.0
523,4.0,подземная,Дизайнерский,2.785,4.0,231.1,12.0,55.7585373,37.5894132,Москва,Скарятинский переулок,unknown,0.8,1,2,0,0,1,1,0,1,1,1,1,1,1,5.447168313280391,53407.21,1,1,1,1,1,1,3,0,0,unknown,Монолитный,1,0.5,1,115.55,0.028020821285784175,880000.0
1166,2.0,подземная,Дизайнерский,2.785,2.0,45.0,32.0,59.9307765,30.2042167,Санкт-Петербург,проспект Крузенштерна,Оба варианта,0.8235294117647058,0,0,0,0,0,0,0,1,1,1,1,1,1,3.828641396489095,2025.0,0,1,2,0,0,1,1,0,0,Морская набережная,Монолитный,5,0.16666666666666666,0,0.0,0.13093071935623124,100000.0
113,1.0,наземная,Евроремонт,2.785,1.0,37.3,20.0,56.7822678,60.6740635,Свердловская область,улица Патриотов,Изолированная,0.36363636363636365,0,0,1,1,0,1,0,1,1,0,1,0,1,3.6454498961866,1391.2899999999997,0,1,1,1,1,1,1,0,0,unknown,unknown,6,0.14285714285714285,0,0.0,0.08877372476747179,30000.0
382,1.0,наземная,Дизайнерский,2.785,1.0,32.2,24.0,60.0363143,30.2278565,Санкт-Петербург,Комендантский проспект,unknown,0.35294117647058826,0,0,0,0,0,0,0,1,1,0,1,0,1,3.502549875922443,1036.8400000000001,0,1,3,0,0,1,1,0,0,Ultra City 2,Монолитный,6,0.14285714285714285,0,0.0,0.14801380238592585,40000.0
1258,2.0,наземная,Дизайнерский,2.6,2.0,67.0,24.0,59.9513503,30.4111789,Санкт-Петербург,Большеохтинский проспект,Изолированная,0.75,0,0,1,1,1,0,0,1,1,1,1,1,1,4.219507705176107,4489.0,0,1,2,1,2,0,0,1,2,На Охте,Монолитный,2,0.3333333333333333,0,0.0,0.07796609362601066,95000.0
1262,2.0,подземная,Дизайнерский,2.7,2.0,53.0,3.0,59.885414,30.3696687,Санкт-Петербург,улица Салова,unknown,0.7142857142857143,0,0,0,0,1,0,1,1,1,1,1,1,1,3.9889840465642745,2809.0,0,1,1,1,1,1,1,0,0,Комплекс апартаментов Valo City,unknown,2,0.3333333333333333,0,0.0,0.05987350011223782,100000.0
155,,unknown,unknown,270.0,2.0,29.0,20.0,56.7817039,60.6176434,Свердловская область,улица Монтерская,unknown,0.32,0,0,0,0,1,0,0,1,1,1,1,1,1,3.4011973816621555,841.0,0,1,3,1,3,1,1,0,0,unknown,unknown,1,0.5,0,0.0,0.05842977544686156,25000.0
107,1.0,наземная,Косметический,2.7,1.0,41.5,16.0,56.7815042,60.6712886,Свердловская область,улица Рощинская,Изолированная,0.2692307692307692,1,1,0,0,1,0,0,1,1,0,1,0,1,3.7495040759303713,1722.25,0,1,1,1,1,1,1,0,0,unknown,unknown,5,0.16666666666666666,0,0.0,0.08715585067911373,25000.0
984,1.0,наземная,Евроремонт,2.75,1.0,39.2,11.0,59.8391401,30.352601,Санкт-Петербург,Пулковская улица,Изолированная,0.13636363636363635,0,0,0,0,1,0,0,1,1,1,1,1,1,3.6938669956249757,1536.6400000000003,0,1,3,0,0,0,0,1,1,unknown,Кирпичный,7,0.125,1,0.0,0.09675583480601951,50000.0
1189,2.0,unknown,Дизайнерский,2.785,2.0,85.0,19.0,59.9622463,30.2700653,Санкт-Петербург,Ждановская улица,Изолированная,0.25,0,0,0,0,0,0,0,1,0,0,0,0,0,4.454347296253507,7225.0,0,0,0,0,0,1,1,0,0,Премьер Палас,Монолитно-кирпичный,1,0.5,0,0.0,0.07078494110882647,120000.0
754,1.0,наземная,Дизайнерский,2.6,1.0,40.3,22.0,56.8104098,60.58393,Свердловская область,улица Шаумяна,Изолированная,0.7777777777777778,1,1,0,0,1,0,1,1,1,0,1,0,1,3.720862499966987,1624.0899999999997,0,0,0,1,1,1,1,0,0,Южные кварталы,Кирпичный,10,0.09090909090909091,0,0.0,0.03585560480649939,55000.0
1171,2.0,открытая,Евроремонт,2.785,2.0,50.0,14.0,60.0580853,30.3232943,Санкт-Петербург,улица Симонова,Изолированная,0.7,1,1,0,0,1,0,0,1,1,1,1,1,1,3.9318256327243257,2500.0,0,1,1,0,0,1,1,0,0,unknown,Монолитный,3,0.25,0,0.0,0.12434699452974479,55000.0
1210,2.0,наземная,Косметический,2.785,2.0,46.0,11.0,56.8968202,37.5393815,Санкт-Петербург,улица Подвойского,Изолированная,0.6666666666666666,0,0,0,0,1,0,0,1,1,0,1,0,1,3.8501476017100584,2116.0,0,1,1,0,0,0,0,1,1,unknown,unknown,2,0.3333333333333333,0,0.0,7.818436894076094,40000.0
778,1.0,многоуровневая,Косметический,2.7,1.0,32.0,24.0,56.7716865,60.6345112,Свердловская область,улица Новостроя,Оба варианта,0.07692307692307693,0,0,1,1,0,1,0,1,1,0,1,1,1,3.4965075614664802,1024.0,0,1,2,1,2,1,1,0,0,Фристайл,unknown,6,0.14285714285714285,0,0.0,0.07312824233967437,25000.0
344,3.0,unknown,Дизайнерский,2.785,3.0,103.4,19.0,59.9166521,30.2910495,Санкт-Петербург,Английский проспект,Изолированная,1.0,0,0,0,0,1,1,0,1,1,1,1,1,1,4.648229675448539,10691.560000000001,0,0,0,0,0,1,1,0,0,unknown,Кирпичный,1,0.5,0,0.0,0.04745413495850577,90000.0
210,3.0,подземная,Дизайнерский,2.85,3.0,97.4,9.0,60.0037231,30.1363446,Санкт-Петербург,Смоленская улица,Изолированная,0.6538461538461539,0,0,0,0,0,0,0,1,1,1,1,1,1,4.589040804058207,9486.76,0,1,1,0,0,1,1,1,1,Небо Москвы,Монолитный,1,0.5,0,0.0,0.2105309379705749,130000.0
720,2.0,наземная,Косметический,2.785,2.0,52.0,9.0,56.8522603,60.6020883,Свердловская область,улица Испанских Рабочих,Изолированная,1.0,0,0,1,1,1,0,0,1,1,0,1,0,1,3.970291913552122,2704.0,0,1,1,0,0,0,0,1,1,unknown,unknown,3,0.25,0,0.0,0.013839869687965722,35000.0
486,4.0,подземная,Дизайнерский,2.785,4.0,200.0,3.0,55.7732152,37.5972484,Москва,1-й Тверской-Ямской переулок,unknown,0.75,1,2,0,0,1,1,1,1,1,1,1,1,1,5.303304908059076,40000.0,1,0,0,0,0,1,3,0,0,unknown,unknown,2,0.3333333333333333,0,66.66666666666666,0.02655853636027707,490000.0
413,6.0,подземная,Дизайнерский,2.785,6.0,433.0,3.0,55.7402846,37.6328629,Москва,Большая Татарская улица,unknown,0.9090909090909091,1,1,0,0,1,1,1,1,1,1,1,1,1,6.073044534100405,187489.0,1,0,0,0,0,1,5,1,1,Четыре солнца,unknown,1,0.5,0,216.5,0.0219757023453157,3780000.0
1111,2.0,unknown,Дизайнерский,2.785,2.0,40.0,5.0,59.9189699,30.3501247,Санкт-Петербург,улица Печатника Григорьева,Смежная,1.0,0,0,0,0,0,1,0,1,1,1,1,1,1,3.713572066704308,1600.0,0,0,0,0,0,1,1,0,0,unknown,unknown,5,0.16666666666666666,0,0.0,0.02146517123388336,70000.0
1207,2.0,наземная,Косметический,2.785,2.0,57.0,9.0,60.000438,30.2887637,Санкт-Петербург,Богатырский проспект,Изолированная,0.9230769230769231,0,0,1,1,1,0,0,0,1,0,1,0,1,4.060443010546419,3249.0,0,1,1,1,1,0,0,1,1,unknown,unknown,2,0.3333333333333333,0,0.0,0.08075449053576098,50000.0
174,2.0,открытая,Косметический,2.785,2.0,61.9,44.0,56.788634,60.5145114,Свердловская область,улица Вильгельма де Геннина,Изолированная,0.5454545454545454,0,0,0,0,0,0,0,1,1,0,1,1,1,4.141546163706395,3831.6099999999997,0,1,1,0,0,0,0,1,1,unknown,Монолитный,2,0.3333333333333333,0,0.0,0.10412507635511822,40000.0
814,1.0,наземная,Косметический,2.785,1.0,40.0,10.0,56.8568898,60.5874108,Свердловская область,улица Стрелочников,unknown,0.16,1,1,0,0,0,1,0,1,1,0,1,1,1,3.713572066704308,1600.0,0,1,1,0,0,1,1,0,0,unknown,unknown,10,0.09090909090909091,0,0.0,0.025654000481011872,35000.0
973,1.0,unknown,Косметический,2.785,1.0,39.4,16.0,59.8312977,30.3298538,Санкт-Петербург,Пулковское шоссе,unknown,0.3181818181818182,0,0,1,1,1,0,0,1,1,0,1,1,1,3.6988297849671046,1552.36,0,0,0,0,0,1,1,0,0,Инвест-отель Salut!,Монолитный,7,0.125,0,0.0,0.10313581540730658,40000.0
270,3.0,unknown,Дизайнерский,3.3,3.0,90.0,4.0,59.9371857,30.3147262,Санкт-Петербург,Невский проспект,unknown,0.6,0,0,0,0,1,0,0,1,1,1,1,1,1,4.51085950651685,8100.0,0,1,1,0,0,1,2,0,0,unknown,Кирпичный,1,0.5,0,0.0,0.020577147298157353,105000.0
673,2.0,подземная,Дизайнерский,2.785,2.0,91.0,11.0,56.8414163,60.5914108,Свердловская область,улица Февральской Революции,Изолированная,0.42857142857142855,0,0,1,1,0,1,0,1,1,1,1,0,1,4.5217885770490405,8281.0,0,1,2,1,2,0,0,1,2,unknown,unknown,1,0.5,0,0.0,0.014509066211510348,95000.0
54,1.0,наземная,Дизайнерский,2.75,1.0,39.0,18.0,56.8512351,60.6087479,Свердловская область,улица Свердлова,Изолированная,0.41379310344827586,0,0,1,1,1,0,0,1,1,1,1,1,1,3.6888794541139363,1521.0,0,1,2,1,2,1,1,0,0,Екатерининский парк,unknown,7,0.125,0,0.0,0.0127060767516905,55000.0
859,1.0,unknown,Косметический,2.785,1.0,20.0,80.0,56.7787453,60.7982827,Свердловская область,улица Трактовая,Изолированная,1.0,1,1,0,0,1,0,0,0,1,0,0,0,1,3.044522437723423,400.0,0,0,0,0,0,1,1,0,0,unknown,Панельный,1,0.5,0,0.0,0.20175897568976123,15000.0
306,3.0,открытая,Дизайнерский,2.785,3.0,80.0,4.0,59.9329149,30.3517554,Санкт-Петербург,Невский проспект,Изолированная,0.6,0,0,0,0,1,1,1,1,1,1,1,1,1,4.394449154672439,6400.0,0,0,0,0,0,1,1,0,0,unknown,Кирпичный,3,0.25,0,0.0,0.016712894757339992,120000.0
56,1.0,подземная,Дизайнерский,2.785,1.0,47.3,24.0,56.8146791,60.63106,Свердловская область,улица Машинная,unknown,1.0,0,0,0,0,0,1,1,1,1,1,1,1,1,3.877431560658527,2237.2899999999995,0,1,1,1,1,1,1,0,0,Clever park,unknown,1,0.5,0,0.0,0.035068241997712225,70000.0
109,1.0,наземная,Косметический,2.785,1.0,30.0,20.0,56.6930116,60.5121287,Свердловская область,улица Гагарина,unknown,0.6,1,1,0,0,1,0,0,0,1,0,1,0,1,3.4339872044851463,900.0,0,0,0,0,0,1,1,0,0,unknown,unknown,4,0.2,0,0.0,0.1733176662612652,25000.0
196,1.0,unknown,Косметический,2.785,1.0,40.0,40.0,56.919969,60.6161769,Свердловская область,проспект Космонавтов,Изолированная,0.4444444444444444,0,0,1,1,1,0,0,1,1,0,1,0,1,3.713572066704308,1600.0,0,1,1,1,1,1,1,0,0,unknown,unknown,10,0.09090909090909091,0,0.0,0.08174318439240003,30000.0
636,2.0,unknown,unknown,2.785,2.0,70.0,10.0,56.8806046,60.6199776,Свердловская область,улица Электриков,Изолированная,0.6,1,1,0,0,1,0,0,1,1,0,1,0,1,4.2626798770413155,4900.0,0,0,0,0,0,0,0,1,1,unknown,Кирпичный,5,0.16666666666666666,0,0.0,0.04408087479757668,55000.0
303,2.0,открытая,Дизайнерский,2.785,2.0,80.0,36.0,60.0332744,30.2065543,Санкт-Петербург,проспект Авиаконструкторов,Оба варианта,0.75,0,0,0,0,0,1,0,1,1,1,1,1,1,4.394449154672439,6400.0,0,1,3,0,0,1,2,0,0,Modum,Монолитно-кирпичный,2,0.3333333333333333,0,0.0,0.16223417902479928,90000.0
591,2.0,подземная,Косметический,3.2,2.0,40.0,5.0,55.7764744,37.6028405,Москва,Долгоруковская улица,Оба варианта,0.6,0,0,0,0,1,1,1,1,1,1,1,1,1,3.713572066704308,1600.0,0,1,1,0,0,1,1,1,1,Долгоруковская 25,unknown,5,0.16666666666666666,0,0.0,0.02522910929085512,110000.0
906,1.0,наземная,Косметический,2.9,1.0,29.0,4.0,59.8468044,30.3209193,Санкт-Петербург,Московский проспект,Изолированная,0.4,0,0,0,0,1,0,0,1,1,0,1,1,1,3.4011973816621555,841.0,0,1,1,0,0,1,1,0,0,unknown,Кирпичный,3,0.25,0,0.0,0.08863730744923087,35000.0
1233,2.0,unknown,Дизайнерский,2.785,2.0,55.0,25.0,60.0189438,30.2349836,Санкт-Петербург,проспект Авиаконструкторов,Изолированная,0.4166666666666667,0,0,0,0,0,0,0,1,0,0,0,0,0,4.02535169073515,3025.0,0,0,0,0,0,0,0,0,0,unknown,Панельный,6,0.14285714285714285,0,0.0,0.13110250351309294,60000.0
839,1.0,подземная,Евроремонт,2.785,1.0,52.0,10.0,56.8265387,60.5913905,Свердловская область,улица Куйбышева,Изолированная,0.2,0,0,1,1,1,0,1,1,1,0,1,1,1,3.970291913552122,2704.0,0,1,1,1,1,1,1,0,0,unknown,unknown,3,0.25,0,0.0,0.018909350278101436,55000.0
1169,2.0,unknown,Дизайнерский,2.785,2.0,75.0,15.0,59.9458566,30.3411093,Санкт-Петербург,Соляной переулок,unknown,0.6666666666666666,0,0,0,0,0,1,0,1,1,1,1,1,1,4.330733340286331,5625.0,0,0,0,0,0,1,1,0,0,unknown,Кирпичный,2,0.3333333333333333,0,0.0,0.013025616685975183,110000.0
490,3.0,наземная,Евроремонт,2.785,3.0,183.0,4.0,55.7633625,37.6359016,Москва,Мясницкая улица,unknown,0.8,0,0,0,0,1,1,1,1,1,1,1,1,1,5.214935757608986,33489.0,1,0,0,0,0,1,2,0,0,unknown,unknown,2,0.3333333333333333,0,61.0,0.020080112768853114,430000.0
1124,2.0,открытая,Дизайнерский,2.785,2.0,55.0,1.0,59.9361966,30.3170471,Санкт-Петербург,Невский проспект,Изолированная,0.75,0,0,0,0,0,0,0,1,1,1,1,1,1,4.02535169073515,3025.0,0,0,0,0,0,1,1,0,0,unknown,Кирпичный,6,0.14285714285714285,0,0.0,0.018152253027380185,95000.0
482,4.0,подземная,Евроремонт,2.785,4.0,200.0,3.0,55.7732152,37.5972484,Москва,1-й Тверской-Ямской переулок,Изолированная,0.75,0,0,0,0,0,0,0,1,1,1,1,1,1,5.303304908059076,40000.0,1,1,1,0,0,1,3,1,3,unknown,Монолитный,2,0.3333333333333333,0,66.66666666666666,0.02655853636027707,510000.0
1200,2.0,наземная,Евроремонт,3.0,2.0,72.0,22.0,59.9603443,30.2314691,Санкт-Петербург,Морская набережная,unknown,0.8333333333333334,1,1,0,0,1,0,1,1,1,1,1,1,1,4.290459441148391,5184.0,0,1,1,1,1,0,0,1,1,unknown,Кирпичный,2,0.3333333333333333,0,0.0,0.10685349314505299,85000.0
741,2.0,наземная,Косметический,2.7,2.0,50.0,20.0,56.8550436,60.5685642,Свердловская область,улица Черепанова,unknown,0.875,0,0,1,1,1,0,0,1,1,0,1,1,1,3.9318256327243257,2500.0,0,1,1,1,1,0,0,1,1,unknown,Панельный,3,0.25,0,0.0,0.04049300510705638,30000.0
352,1.0,наземная,Косметический,2.64,1.0,33.0,22.0,59.844933,30.3757517,Санкт-Петербург,улица Димитрова,unknown,0.8260869565217391,1,1,0,0,0,1,0,1,0,0,1,0,1,3.5263605246161616,1089.0,0,0,0,0,0,0,0,0,0,Кассиопея,Монолитный,6,0.14285714285714285,0,0.0,0.09817851802655378,35000.0
477,4.0,подземная,Дизайнерский,2.785,4.0,123.0,5.0,55.7306964,37.5791552,Москва,Оболенский переулок,unknown,0.375,1,1,1,1,1,1,1,1,1,1,1,1,1,4.820281565605037,15129.0,0,1,1,0,0,1,2,1,1,unknown,Монолитно-кирпичный,1,0.5,0,61.5,0.04566417085637159,420000.0
1247,2.0,подземная,Евроремонт,2.785,2.0,52.0,13.0,59.9954659,30.1987416,Санкт-Петербург,Мебельная улица,Изолированная,0.32,1,1,0,0,1,0,0,1,1,1,1,1,1,3.970291913552122,2704.0,0,1,1,1,2,0,0,1,1,Токио,unknown,3,0.25,0,0.0,0.1494485883953728,55000.0
435,5.0,наземная,Евроремонт,3.2,5.0,195.0,40.0,55.8292535,37.4666388,Москва,Береговая улица,Оба варианта,0.3333333333333333,1,1,0,0,1,1,1,1,1,1,1,1,1,5.278114659230517,38025.0,1,1,1,0,0,1,3,1,1,unknown,unknown,1,0.5,0,97.5,0.16761328660846211,345000.0
553,4.0,наземная,Евроремонт,3.4,4.0,151.0,3.0,55.7688853,37.6453602,Москва,Мясницкая улица,Оба варианта,0.875,1,1,0,0,1,1,1,1,1,1,1,1,1,5.0238805208462765,22801.0,0,1,1,0,0,1,2,1,1,unknown,unknown,1,0.5,0,75.5,0.0309612645111587,335000.0
868,1.0,наземная,Косметический,2.785,1.0,38.0,20.0,56.8972882,60.6414287,Свердловская область,улица Таганская,unknown,0.8,0,0,0,0,1,0,0,1,1,0,1,0,1,3.6635616461296463,1444.0,0,0,0,0,0,1,1,0,0,unknown,unknown,6,0.14285714285714285,0,0.0,0.06845233307148509,25000.0
885,1.0,наземная,Косметический,2.785,1.0,22.0,3.0,56.9024826,60.61036,Свердловская область,улица Ильича,unknown,0.6,1,1,0,0,1,0,0,1,1,0,1,0,1,3.1354942159291497,484.0,0,0,0,0,0,1,1,0,0,unknown,unknown,3,0.25,0,0.0,0.06375313814048356,25000.0
331,2.0,unknown,Дизайнерский,3.44,2.0,45.0,1.0,59.9326649,30.3604168,Санкт-Петербург,улица Восстания,unknown,0.2857142857142857,0,0,0,0,1,0,0,1,1,0,1,1,1,3.828641396489095,2025.0,0,1,1,0,0,1,1,0,0,unknown,Кирпичный,5,0.16666666666666666,0,0.0,0.02536954698550891,70000.0
462,4.0,подземная,Евроремонт,3.0,4.0,197.0,10.0,55.7426965,37.5796288,Москва,Ружейный переулок,Оба варианта,0.875,1,1,0,0,1,1,1,1,1,1,1,1,1,5.288267030694535,38809.0,1,1,1,0,0,1,3,1,1,Смоленская Застава,unknown,1,0.5,0,98.5,0.03988509773950502,895000.0
944,1.0,наземная,Дизайнерский,2.75,1.0,35.0,24.0,59.8731806,30.3481799,Санкт-Петербург,Кузнецовская улица,unknown,0.08333333333333333,0,0,1,1,1,0,0,1,1,0,1,1,1,3.58351893845611,1225.0,0,1,2,1,1,1,1,0,0,Статус у Парка Победы,Монолитный,8,0.1111111111111111,0,0.0,0.06250331863485606,55000.0
170,1.0,unknown,unknown,2.785,1.0,36.4,60.0,56.7798164,60.5040615,Свердловская область,улица Академика Ландау,unknown,0.8,1,1,1,1,1,0,0,1,1,0,1,1,1,3.6216707044204863,1324.9599999999998,0,1,2,1,1,1,1,0,0,Спутник-1,unknown,6,0.14285714285714285,0,0.0,0.11756383998156114,25000.0
666,2.0,подземная,Дизайнерский,2.785,2.0,90.0,20.0,56.8432561,60.5711892,Свердловская область,улица Юмашева,unknown,0.12,0,0,1,1,1,1,1,1,1,1,1,1,1,4.51085950651685,8100.0,0,1,4,1,1,1,1,0,0,unknown,Кирпичный,3,0.25,0,0.0,0.03478463631906957,90000.0
409,2.0,подземная,Дизайнерский,2.785,2.0,98.5,3.0,55.7505024,37.5393815,Москва,,Оба варианта,0.6666666666666666,0,0,0,0,1,1,1,1,1,1,1,1,1,4.600157644164547,9702.25,0,1,4,1,2,1,2,1,1,Меркурий Тауэр,unknown,1,0.5,1,49.25,0.07809838159661442,375000.0
809,1.0,подземная,Евроремонт,2.785,1.0,40.0,21.0,56.8018474,60.5907998,Свердловская область,улица Печатников,Изолированная,0.5,0,0,1,1,1,0,0,1,1,0,1,1,1,3.713572066704308,1600.0,0,1,2,1,2,1,1,0,0,Московский квартал,unknown,10,0.09090909090909091,1,0.0,0.039936338425050746,45000.0
680,2.0,unknown,unknown,3.0,2.0,80.0,15.0,56.8435779,60.5906761,Свердловская область,улица Бориса Ельцина,Оба варианта,0.25,0,0,0,0,1,0,1,1,1,1,1,1,1,4.394449154672439,6400.0,0,1,1,1,1,1,1,0,0,unknown,Монолитный,2,0.3333333333333333,0,0.0,0.01573532076634739,125000.0
1178,2.0,unknown,Дизайнерский,2.785,2.0,65.0,16.0,59.9473332,30.3375661,Санкт-Петербург,улица Чайковского,unknown,0.3333333333333333,0,0,0,0,1,0,0,1,1,1,1,1,1,4.189654742026425,4225.0,0,0,0,0,0,1,1,0,0,unknown,unknown,3,0.25,0,0.0,0.013264461973636933,75000.0
231,3.0,открытая,Евроремонт,2.785,3.0,98.0,7.0,59.9166678,30.3248389,Санкт-Петербург,Верейская улица,Изолированная,0.6,0,0,0,0,0,0,0,1,1,0,1,1,1,4.59511985013459,9604.0,0,1,1,0,0,0,0,1,1,unknown,Кирпичный,1,0.5,0,0.0,0.020400604158947535,100000.0
978,1.0,наземная,Косметический,2.785,1.0,38.7,13.0,59.8762528,30.4443478,Санкт-Петербург,улица Бабушкина,Изолированная,0.5,1,1,1,1,1,0,0,1,1,0,1,1,1,3.681351187693145,1497.6900000000003,0,1,1,0,0,1,1,0,0,unknown,unknown,6,0.14285714285714285,0,0.0,0.12371159700157201,40000.0
1089,1.0,наземная,Дизайнерский,2.785,1.0,40.0,4.0,60.0118104,30.2563666,Санкт-Петербург,Комендантский проспект,unknown,0.47619047619047616,0,0,1,1,1,0,0,1,1,1,1,1,1,3.713572066704308,1600.0,0,1,2,1,1,0,0,0,0,unknown,unknown,10,0.09090909090909091,0,0.0,0.11048443502919465,50000.0
1265,2.0,подземная,Евроремонт,2.8,2.0,58.0,6.0,59.9241681,30.349711,Санкт-Петербург,улица Марата,Изолированная,0.2727272727272727,0,0,1,2,1,0,0,1,1,1,1,1,1,4.07753744390572,3364.0,0,1,1,0,0,0,0,1,1,unknown,Кирпичный,1,0.5,0,0.0,0.017780233930123332,75000.0
374,1.0,unknown,Косметический,2.7,1.0,45.0,12.0,59.9244556,30.4556102,Санкт-Петербург,проспект Пятилеток,unknown,0.8333333333333334,0,0,1,1,1,0,0,1,1,0,1,0,1,3.828641396489095,2025.0,0,1,1,1,1,0,0,1,1,unknown,Панельный,1,0.5,0,0.0,0.12091162274735853,35000.0
218,3.0,unknown,Дизайнерский,2.785,3.0,73.0,7.0,59.9247228,30.3108177,Санкт-Петербург,проспект Римского-Корсакова,Смежная,0.2,0,0,0,0,1,0,0,1,1,1,1,1,1,4.30406509320417,5329.0,0,0,0,0,0,0,0,1,1,unknown,unknown,1,0.5,0,0.0,0.026102736506543142,90000.0
570,4.0,подземная,Дизайнерский,3.0,4.0,157.0,11.0,55.7229832,37.6129506,Москва,улица Шаболовка,Оба варианта,0.3181818181818182,1,1,0,0,0,0,1,1,0,1,1,1,1,5.062595033026967,24649.0,0,0,0,0,0,1,2,0,0,Созвездие Капитал-1,Монолитный,1,0.5,0,78.5,0.03310377082146324,490000.0
1075,1.0,наземная,Евроремонт,3.0,1.0,40.0,24.0,59.9370806,30.2036073,Санкт-Петербург,бульвар Александра Грина,Изолированная,0.6470588235294118,0,0,1,1,1,0,0,1,1,0,1,1,1,3.713572066704308,1600.0,0,1,1,1,1,1,1,0,0,unknown,unknown,10,0.09090909090909091,0,0.0,0.13152209658323483,50000.0
1179,2.0,наземная,Дизайнерский,3.3,2.0,70.0,12.0,59.9573989,30.3314501,Санкт-Петербург,улица Куйбышева,unknown,0.16666666666666666,0,0,0,0,0,1,0,1,0,1,1,1,1,4.2626798770413155,4900.0,0,1,1,0,0,0,0,1,1,unknown,Кирпичный,5,0.16666666666666666,0,0.0,0.02338548590942749,105000.0
265,3.0,открытая,Евроремонт,2.785,3.0,75.0,4.0,59.9033921,30.3181004,Санкт-Петербург,Московский проспект,Изолированная,0.5,1,3,0,0,0,0,1,1,1,0,1,1,1,4.330733340286331,5625.0,0,1,1,0,0,0,0,1,1,unknown,Кирпичный,1,0.5,0,0.0,0.03527441966312446,85000.0
296,3.0,unknown,Дизайнерский,2.785,3.0,85.0,23.0,59.9369056,30.3830621,Санкт-Петербург,Кирилловская улица,Смежная,0.4,0,0,0,0,1,0,0,1,1,0,1,1,1,4.454347296253507,7225.0,0,0,0,0,0,1,1,0,0,unknown,unknown,1,0.5,0,0.0,0.04803282406615252,110000.0
10,2.0,подземная,Евроремонт,2.785,2.0,73.0,20.0,56.8463204,60.621502,Свердловская область,улица Кузнечная,unknown,0.3,0,0,1,1,1,1,1,1,1,1,1,1,1,4.30406509320417,5329.0,0,1,2,0,0,1,2,0,0,unknown,Монолитный,3,0.25,1,0.0,0.0174575353403634,70000.0
147,1.0,наземная,Косметический,2.785,1.0,37.0,23.0,56.9193385,60.6130506,Свердловская область,проспект Космонавтов,unknown,1.0,0,0,0,0,0,0,0,1,1,0,1,0,1,3.6375861597263857,1369.0,0,1,2,0,0,1,1,0,0,Veer Park,Монолитно-кирпичный,6,0.14285714285714285,0,0.0,0.08077365661284609,25000.0
297,2.0,открытая,Дизайнерский,2.785,2.0,54.0,28.0,56.8968202,37.5393815,Санкт-Петербург,улица Вадима Шефнера,Изолированная,0.9444444444444444,0,0,1,1,0,0,0,1,1,1,1,1,1,4.007333185232471,2916.0,0,1,2,0,0,1,1,0,0,Магеллан (Гавань Капитанов),Монолитный,1,0.5,0,0.0,7.818436894076094,85000.0
1030,1.0,unknown,Дизайнерский,3.5,1.0,33.3,6.0,59.927816,30.3558207,Санкт-Петербург,Пушкинская улица,unknown,0.5,0,0,0,0,1,0,0,1,1,0,1,1,1,3.535145354171894,1108.8899999999999,0,1,1,0,0,0,0,1,1,unknown,Кирпичный,6,0.14285714285714285,0,0.0,0.021711509954167922,55000.0
575,4.0,подземная,Дизайнерский,2.785,4.0,158.0,13.0,55.794056,37.5412714,Москва,Ленинградский проспект,unknown,0.5853658536585366,0,0,0,0,0,1,1,1,1,1,1,1,1,5.0689042022202315,24964.0,1,1,1,0,0,1,3,1,1,Прайм Парк,Монолитный,1,0.5,1,79.0,0.08511092499767516,8925000.0
964,1.0,наземная,Евроремонт,2.785,1.0,3800.0,28.0,59.862656,30.1919523,Санкт-Петербург,проспект Кузнецова,Изолированная,1.0,1,1,0,0,1,0,0,1,1,1,1,1,1,8.24301946898925,14440000.0,1,1,1,1,1,0,0,1,1,unknown,unknown,1,0.5,0,0.0,0.1600753783418609,135000.0
679,2.0,наземная,Евроремонт,2.785,2.0,88.0,15.0,56.8435779,60.5906761,Свердловская область,улица Бориса Ельцина,Изолированная,0.7115384615384616,0,0,0,0,1,1,1,1,1,0,1,1,1,4.48863636973214,7744.0,0,1,3,1,3,1,1,1,1,unknown,unknown,1,0.5,0,0.0,0.01573532076634739,90000.0
590,2.0,наземная,Евроремонт,3.2,2.0,65.0,16.0,55.7208948,37.4655156,Москва,Давыдковская улица,Оба варианта,0.24,0,0,0,0,1,0,1,1,1,1,1,1,1,4.189654742026425,4225.0,0,1,1,0,0,1,1,1,1,unknown,unknown,3,0.25,0,16.25,0.15574619440101525,145000.0
1224,2.0,наземная,Косметический,2.7,2.0,68.6,60.0,56.8968202,37.5393815,Санкт-Петербург,шоссе Красносельское,Изолированная,0.375,0,0,1,1,1,0,0,1,1,1,1,1,1,4.242764567340374,4705.959999999999,0,1,1,1,1,0,0,1,1,Дудергофская линия 3,Панельный,3,0.25,0,0.0,7.818436894076094,45000.0
298,2.0,открытая,Евроремонт,2.785,2.0,44.0,12.0,59.9737862,30.3032139,Санкт-Петербург,Каменноостровский проспект,Изолированная,0.4,0,0,0,0,0,0,0,1,1,0,1,1,1,3.8066624897703196,1936.0,0,0,0,0,0,1,1,0,0,unknown,Кирпичный,3,0.25,0,0.0,0.050753161119776506,65000.0
244,,unknown,Дизайнерский,2.785,2.0,16.0,4.0,56.8968202,37.5393815,Санкт-Петербург,,unknown,0.2,0,0,0,0,0,1,0,1,1,0,1,1,1,2.833213344056216,256.0,0,0,0,0,0,1,1,0,0,unknown,unknown,1,0.5,0,0.0,7.818436894076094,25000.0
534,5.0,наземная,Евроремонт,3.2,5.0,300.0,20.0,55.7744383,37.4616063,Москва,Карамышевская набережная,Оба варианта,0.8333333333333334,1,1,0,0,1,1,1,0,1,1,1,1,1,5.707110264748875,90000.0,1,1,1,0,0,1,3,1,1,unknown,unknown,1,0.5,1,150.0,0.15680533934334034,455000.0
333,3.0,unknown,Дизайнерский,2.785,3.0,135.0,11.0,59.9386667,30.3689244,Санкт-Петербург,улица Некрасова,Изолированная,0.625,1,1,0,0,0,1,1,1,1,1,1,1,1,4.912654885736052,18225.0,0,1,1,0,0,1,2,0,0,unknown,unknown,1,0.5,0,0.0,0.03410510378594394,125000.0
294,2.0,открытая,Евроремонт,2.785,2.0,68.0,7.0,59.9437637,30.3511044,Санкт-Петербург,Кирочная улица,Изолированная,0.4,0,0,0,0,0,0,0,1,1,0,1,1,1,4.23410650459726,4624.0,0,0,0,0,0,0,0,1,1,unknown,Кирпичный,3,0.25,0,0.0,0.018593074975644955,75000.0
394,,наземная,Евроремонт,2.785,2.0,24.6,11.0,59.9902288,30.2921958,Санкт-Петербург,улица Матроса Железняка,unknown,0.38461538461538464,0,0,0,0,0,1,0,1,1,0,0,1,1,3.242592351485517,605.1600000000001,0,1,3,1,2,1,1,0,0,Апартаменты Best Western Zoom Hotel,unknown,1,0.5,0,0.0,0.07048972298909843,40000.0
1139,2.0,подземная,Дизайнерский,2.785,2.0,70.0,16.0,59.9821035,30.27645,Санкт-Петербург,Приморский проспект,Оба варианта,0.25,0,0,0,0,0,0,1,1,1,1,1,1,1,4.2626798770413155,4900.0,0,1,2,0,0,1,2,0,0,unknown,Монолитно-кирпичный,5,0.16666666666666666,0,0.0,0.07566371066931665,160000.0
1001,1.0,unknown,unknown,2.75,1.0,35.0,21.0,59.9554048,30.2547537,Санкт-Петербург,Уральская улица,unknown,0.21428571428571427,0,0,1,1,1,0,0,1,1,1,1,1,1,3.58351893845611,1225.0,0,1,2,0,0,1,1,0,0,Эмеральд на Малой Неве,Блочный,8,0.1111111111111111,0,0.0,0.08307189962153386,45000.0
777,1.0,наземная,Косметический,2.785,1.0,41.0,20.0,56.9222481,60.6098696,Свердловская область,проспект Космонавтов,Изолированная,0.23076923076923078,0,0,1,1,1,0,0,1,0,0,0,0,0,3.7376696182833684,1681.0,0,1,1,1,1,1,1,0,0,Новатор,unknown,5,0.16666666666666666,0,0.0,0.08345232973242384,30000.0
135,1.0,unknown,unknown,3.6,1.0,32.2,52.0,56.7787292,60.5078655,Свердловская область,улица Академика Ландау,unknown,0.75,0,0,0,0,1,0,0,1,1,0,1,1,1,3.502549875922443,1036.8400000000001,0,1,1,1,1,1,1,0,0,Спутник-1,Кирпичный,6,0.14285714285714285,0,0.0,0.11485693084394048,25000.0
552,3.0,подземная,Евроремонт,3.0,3.0,84.0,4.0,55.7675552,37.6250541,Москва,переулок Печатников,Оба варианта,0.8,1,1,0,0,1,1,1,1,1,1,1,1,1,4.442651256490317,7056.0,0,1,1,0,0,1,1,1,1,Клубный дом Печатников,unknown,1,0.5,0,42.0,0.014082286527758994,355000.0
798,1.0,наземная,Косметический,2.785,1.0,37.0,23.0,56.9193385,60.6130506,Свердловская область,проспект Космонавтов,unknown,1.0,0,0,0,0,0,0,0,1,1,0,1,0,1,3.6375861597263857,1369.0,0,1,2,0,0,1,1,0,0,Veer Park,Монолитно-кирпичный,6,0.14285714285714285,0,0.0,0.08077365661284609,25000.0
493,3.0,unknown,Евроремонт,3.2,3.0,94.0,8.0,55.7599541,37.6444193,Москва,Чистопрудный бульвар,Оба варианта,0.7142857142857143,1,1,0,0,1,1,1,1,1,1,1,1,1,4.553876891600541,8836.0,0,1,1,0,0,1,2,1,1,unknown,unknown,1,0.5,0,47.0,0.027435615161686168,295000.0
376,1.0,unknown,Косметический,2.77,1.0,30.0,24.0,59.9065969,30.4480007,Санкт-Петербург,Дальневосточный проспект,unknown,0.3684210526315789,0,0,1,1,1,0,0,1,1,0,1,1,1,3.4339872044851463,900.0,0,0,0,0,0,1,1,0,0,Pulse Premier,Кирпичный,4,0.2,0,0.0,0.11624985939819624,35000.0
429,4.0,наземная,Евроремонт,3.2,4.0,160.0,8.0,55.7329143,37.6227021,Москва,Погорельский переулок,Оба варианта,0.3333333333333333,0,0,0,0,1,1,1,1,1,1,1,1,1,5.081404364984463,25600.0,1,1,1,0,0,1,2,1,1,Дипломат,unknown,2,0.3333333333333333,0,53.33333333333333,0.0235146326550114,465000.0
390,1.0,наземная,Дизайнерский,2.75,1.0,34.0,32.0,60.0365243,30.2186845,Санкт-Петербург,улица Верхне-Каменская,unknown,0.68,0,0,1,1,1,0,0,1,1,1,1,1,1,3.5553480614894135,1156.0,0,1,2,1,1,1,1,0,0,Чистое небо,Монолитно-кирпичный,1,0.5,0,0.0,0.15492700265202694,40000.0
494,3.0,наземная,Дизайнерский,2.785,3.0,183.0,4.0,55.7633625,37.6359016,Москва,Мясницкая улица,unknown,0.8,0,0,0,0,1,1,1,1,1,1,1,1,1,5.214935757608986,33489.0,1,1,1,0,0,1,2,1,1,unknown,Кирпичный,2,0.3333333333333333,0,61.0,0.020080112768853114,430000.0
346,,unknown,Косметический,2.785,2.0,20.0,14.0,59.8324003,30.3991738,Санкт-Петербург,Будапештская улица,unknown,0.1111111111111111,0,0,0,0,1,0,0,1,1,0,1,0,1,3.044522437723423,400.0,0,1,1,0,0,0,0,1,1,unknown,unknown,2,0.3333333333333333,0,0.0,0.12037026504303001,25000.0
158,,подземная,Косметический,2.785,2.0,32.0,19.0,56.8554045,60.5754848,Свердловская область,улица Готвальда,unknown,0.08571428571428572,0,0,0,0,0,0,0,1,1,0,0,0,1,3.4965075614664802,1024.0,0,1,3,0,0,1,1,0,0,Татлин,Монолитный,1,0.5,0,0.0,0.03442901147709473,25000.0
140,2.0,открытая,Косметический,2.785,2.0,51.0,13.0,56.9069694,60.6232012,Свердловская область,улица Совхозная,Изолированная,0.5,0,0,0,0,0,0,0,1,1,0,1,1,1,3.9512437185814275,2601.0,0,1,1,0,0,1,1,0,0,unknown,Панельный,3,0.25,0,0.0,0.07028324990920508,30000.0
567,3.0,подземная,Дизайнерский,3.0,3.0,100.0,19.0,55.8548143,37.4970116,Москва,Флотская улица,Изолированная,0.9285714285714286,0,0,0,0,1,1,1,1,0,1,1,1,1,4.61512051684126,10000.0,0,1,1,0,0,1,2,0,0,Апарт-комплекс Флотилия,Монолитный,2,0.3333333333333333,0,33.33333333333333,0.15579836577785405,275000.0
693,2.0,открытая,Косметический,2.785,2.0,43.0,44.0,56.8824414,60.5180232,Свердловская область,улица Расточная,unknown,1.0,1,1,0,0,0,0,0,0,0,0,1,1,1,3.784189633918261,1849.0,0,0,0,0,0,0,0,1,1,unknown,unknown,3,0.25,0,0.0,0.09789318041722342,25000.0
629,2.0,подземная,Косметический,2.785,2.0,56.8,18.0,56.855354,60.5766812,Свердловская область,улица Готвальда,Изолированная,0.6571428571428571,0,0,0,0,0,0,0,1,1,0,1,0,1,4.056988775678332,3226.24,0,1,3,0,0,1,1,0,0,Татлин,Монолитный,1,0.5,0,0.0,0.03335902980363223,45000.0
924,1.0,наземная,Дизайнерский,2.785,1.0,52.0,4.0,59.9365366,30.3122724,Санкт-Петербург,Невский проспект,Оба варианта,0.6666666666666666,0,0,0,0,1,0,0,1,1,0,0,0,0,3.970291913552122,2704.0,0,0,0,0,0,1,1,0,0,unknown,unknown,3,0.25,0,0.0,0.02293690696933559,80000.0
1102,2.0,наземная,Дизайнерский,2.785,2.0,65.0,5.0,59.922378,30.3483779,Санкт-Петербург,Боровая улица,Оба варианта,0.42857142857142855,0,0,0,0,1,0,0,1,0,1,1,1,1,4.189654742026425,4225.0,0,1,1,0,0,1,1,0,0,unknown,unknown,3,0.25,0,0.0,0.017844795106975116,90000.0
812,1.0,unknown,Косметический,2.785,1.0,44.0,16.0,56.9209202,60.6134009,Свердловская область,проспект Космонавтов,Изолированная,0.4,0,0,1,1,0,1,0,1,1,0,1,0,1,3.8066624897703196,1936.0,0,1,1,1,1,1,1,0,0,unknown,unknown,3,0.25,0,0.0,0.08238092660834342,30000.0
423,2.0,наземная,Дизайнерский,3.0,2.0,57.1,24.0,56.8968202,37.5393815,Москва,улица Шекспира,Изолированная,0.25,0,0,0,0,0,1,1,1,1,1,1,1,1,4.062165663857866,3260.4100000000003,0,1,1,0,0,1,1,0,0,Бристоль,Кирпичный,2,0.3333333333333333,0,19.03333333333333,1.143677572329846,125000.0
65,3.0,подземная,Дизайнерский,2.785,3.0,110.2,13.0,56.8304069,60.59091,Свердловская область,улица Сакко и Ванцетти,Изолированная,0.3,0,0,1,1,0,1,1,1,1,1,1,1,1,4.711330381816482,12144.04,0,1,1,0,0,1,1,0,0,unknown,unknown,1,0.5,0,0.0,0.017055112066766978,90000.0
481,3.0,открытая,Дизайнерский,3.2,3.0,80.0,14.0,55.7401354,37.5268829,Москва,Кутузовский проспект,unknown,0.5555555555555556,1,1,0,0,1,1,1,1,1,1,1,1,1,4.394449154672439,6400.0,0,1,1,0,0,1,2,0,0,unknown,Сталинский,3,0.25,0,20.0,0.0917639998341977,280000.0
774,1.0,наземная,Косметический,2.785,1.0,33.0,56.0,56.7934828,60.4821834,Свердловская область,улица Евгения Савкова,Изолированная,1.0,0,0,0,0,0,1,0,1,1,0,1,0,1,3.5263605246161616,1089.0,0,0,0,0,0,1,1,0,0,unknown,unknown,6,0.14285714285714285,0,0.0,0.1316019472933466,20000.0
594,3.0,подземная,Евроремонт,3.2,3.0,105.0,40.0,55.8283043,37.4677476,Москва,Береговая улица,Оба варианта,0.6666666666666666,1,1,0,0,1,0,1,1,1,1,1,1,1,4.663439094112067,11025.0,0,1,1,0,0,1,2,1,1,Покровский берег,unknown,2,0.3333333333333333,0,35.0,0.16620106457014355,225000.0
503,3.0,открытая,Косметический,3.3,3.0,80.0,6.0,55.7492364,37.5766824,Москва,Смоленская набережная,unknown,0.5,1,1,0,0,1,0,0,1,1,1,1,1,1,4.394449154672439,6400.0,0,1,1,0,0,1,1,0,0,unknown,Сталинский,3,0.25,1,0.0,0.04114450479371192,200000.0
668,2.0,подземная,Дизайнерский,2.785,2.0,77.0,20.0,56.8968202,37.5393815,Свердловская область,бульвар Владимира Белоглазова,Изолированная,0.7333333333333333,0,0,1,1,1,0,0,1,1,0,1,0,1,4.356708826689592,5929.0,0,1,1,1,1,0,0,0,0,unknown,unknown,1,0.5,0,0.0,23.066391219543,90000.0
289,2.0,наземная,Евроремонт,2.785,2.0,73.0,10.0,60.0094904,30.2463063,Санкт-Петербург,проспект Авиаконструкторов,Изолированная,0.4583333333333333,0,0,0,0,0,1,0,1,1,1,1,1,1,4.30406509320417,5329.0,0,1,3,0,0,1,1,1,1,unknown,Монолитный,3,0.25,1,0.0,0.11635255653336342,70000.0
96,1.0,наземная,Евроремонт,2.785,1.0,36.0,32.0,56.8968202,37.5393815,Свердловская область,улица Малый Конный Полуостров,Изолированная,0.6,1,1,0,0,1,0,0,1,1,0,1,0,1,3.6109179126442243,1296.0,0,0,0,0,0,1,1,0,0,unknown,unknown,6,0.14285714285714285,0,0.0,23.066391219543,25000.0
184,1.0,unknown,unknown,2.7,1.0,36.2,20.0,56.8243822,60.5531783,Свердловская область,улица Заводская,unknown,0.3870967741935484,0,0,1,1,1,0,0,1,1,0,1,1,1,3.616308761279101,1310.4400000000003,0,1,4,1,2,1,1,0,0,unknown,Монолитный,6,0.14285714285714285,0,0.0,0.05449124230305252,35000.0
461,3.0,наземная,Евроремонт,3.2,3.0,89.0,13.0,55.7930441,37.5418667,Москва,Ленинградский проспект,Оба варианта,0.8809523809523809,0,0,0,0,1,1,1,1,1,1,1,1,1,4.499809670330265,7921.0,0,1,1,0,0,1,2,1,1,Прайм Парк,unknown,1,0.5,0,44.5,0.08412672425395043,8925000.0
910,1.0,наземная,unknown,2.5,1.0,22.9,3.0,59.885414,30.3696687,Санкт-Петербург,улица Салова,unknown,0.16666666666666666,0,0,0,0,0,0,1,1,1,0,1,1,1,3.173878458937465,524.41,0,1,1,1,1,0,0,0,0,Комплекс апартаментов Valo City,Монолитный,3,0.25,0,0.0,0.05987350011223782,45000.0
163,,unknown,Дизайнерский,2.7,2.0,26.0,17.0,56.8043841,60.5899139,Свердловская область,улица Амундсена,unknown,0.07692307692307693,0,0,0,0,1,0,0,0,1,0,1,0,1,3.295836866004329,676.0,0,1,2,1,2,1,1,0,0,Астон. Событие,unknown,2,0.3333333333333333,0,0.0,0.03795455580059071,35000.0
1083,1.0,подземная,Евроремонт,2.785,1.0,35.0,24.0,59.9847129,30.3920395,Санкт-Петербург,Кондратьевский проспект,Изолированная,0.4,0,0,1,1,0,1,0,1,1,0,1,1,1,3.58351893845611,1225.0,0,1,1,1,2,1,1,0,0,Полюстрово Парк,unknown,8,0.1111111111111111,0,0.0,0.07604976756479676,50000.0
1065,1.0,unknown,Евроремонт,2.75,1.0,35.3,16.0,59.8606347,30.4560713,Санкт-Петербург,переулок Антокольский,unknown,0.6,1,1,0,0,1,0,0,1,1,0,1,1,1,3.591817741270805,1246.0899999999997,0,1,2,1,1,1,1,0,0,Green City,Монолитный,8,0.1111111111111111,0,0.0,0.14163555996917038,40000.0
221,1.0,наземная,unknown,2.5,1.0,24.0,3.0,59.885414,30.3696687,Санкт-Петербург,улица Салова,unknown,0.2222222222222222,0,0,1,1,0,0,1,1,1,1,1,1,1,3.2188758248682006,576.0,0,1,1,1,1,0,0,0,0,unknown,Монолитный,1,0.5,0,0.0,0.05987350011223782,40000.0
243,,наземная,Дизайнерский,2.7,2.0,22.0,11.0,59.915519,30.3755877,Санкт-Петербург,набережная Обводного Канала,unknown,0.8333333333333334,0,0,0,0,0,1,0,1,1,1,1,1,1,3.1354942159291497,484.0,0,1,1,0,0,1,1,0,0,unknown,unknown,1,0.5,0,0.0,0.04463160105003944,40000.0
